,交易年份,土地位置建物門牌,屋齡,建物現況格局-房,建物現況格局-廳,建物現況格局-衛,電梯,單價元平方公尺,修正地址
31,111,臺北市中山區建國北路三段81巷15號四樓,39,3,2,2,有,177928,False
32,111,臺北市中山區伊通街19巷21號,38,3,2,1,無,293629,False
33,111,臺北市中山區吉林路461巷8號二樓,51,3,2,2,無,163067,False
38,111,臺北市中山區新生北路三段93巷10號,57,4,2,2,無,323197,False
39,111,臺北市中山區松江路156巷10號二樓之1,21,1,1,1,有,279013,False
43,111,臺北市中山區中山北路一段53巷8號五樓之8,14,1,1,1,有,276590,False
96,111,臺北市中山區雙城街3巷2號十二樓,27,1,1,1,有,193108,False
101,111,臺北市中山區民族東路234號二樓之1,50,2,1,1,無,175778,False
173,111,臺北市中山區錦州街30巷11號五樓之13,43,2,1,1,有,165354,False
187,111,臺北市中山區合江街188巷13號六樓,44,3,2,2,有,195539,False
229,111,臺北市中山區中山北路二段36巷30號五樓,47,4,2,2,無,205936,False
235,110,臺北市中山區林森北路282號五樓之11,47,1,1,1,有,198152,False
236,111,臺北市中山區民權東路三段88號七樓之2,36,4,3,2,有,226853,False
278,111,臺北市中山區中山北路二段65巷2弄13號七樓之1,12,1,1,1,有,247992,False
281,111,臺北市中山區農安街227巷34號六樓,38,3,2,2,有,159137,False
282,111,臺北市中山區新生北路三段64號五樓之8,43,1,1,1,有,149721,False
284,111,臺北市中山區四平街15號,50,2,1,0,有,367022,False
288,111,臺北市中山區吉林路200巷23號,56,3,2,1,無,267668,False
316,111,臺北市中山區中原街33號四樓之1,43,2,1,2,有,247155,False
357,111,臺北市中山區民生東路一段54號八樓之7,37,2,1,1,有,218051,False
364,111,臺北市中山區雙城街3巷2號八樓之5,27,1,1,1,有,169464,False
412,111,臺北市中山區北安路669號二樓之2,5,1,0,1,有,238503,False
420,111,臺北市中山區錦州街50號十二樓之30,38,1,1,1,有,154629,False
422,111,臺北市中山區新生北路三段1號五樓之14、五樓之15,41,2,1,2,有,189796,False
423,111,臺北市中山區民生西路45巷5弄15號二樓,55,3,1,1,無,183261,False
430,110,臺北市中山區新生北路一段112號八樓之8,40,0,1,1,有,187520,False
480,111,臺北市中山區民生西路16號五樓之2,42,0,0,0,有,172024,False
482,111,臺北市中山區中山北路二段20巷24號五樓,46,3,2,2,無,207983,False
545,111,臺北市中山區龍江路394巷48號五樓,41,3,2,1,無,138310,False
547,111,臺北市中山區雙城街19巷8號十二樓之13,14,2,1,1,有,257353,False
572,110,臺北市中山區南京東路二段108號十七樓之13,11,1,1,1,有,297967,False
573,111,臺北市中山區長春路235號十樓之2,36,1,0,1,有,221944,False
585,111,臺北市中山區新生北路三段76號八樓之1,40,1,1,1,有,201025,False
589,111,臺北市中山區林森北路409號八樓之37,40,1,0,1,有,123827,False
590,111,臺北市中山區新生北路三段82號八樓之7,35,1,1,1,有,175055,False
592,111,臺北市中山區中山北路一段135巷26號五樓、五樓之1,11,2,1,1,有,156967,False
593,111,臺北市中山區松江路330巷53號二樓之8,15,1,1,1,有,257946,False
602,111,臺北市中山區長春路220號十一樓之3、十一樓之4,28,2,2,2,有,220679,False
649,110,臺北市中山區長安東路二段230號十樓之2,36,2,2,2,有,225489,False
658,110,臺北市中山區北安路569之3號三樓,45,4,1,1,無,191029,False
661,111,臺北市中山區南京東路三段194巷5號二樓之3,32,0,0,0,有,251544,False
663,111,臺北市中山區新生北路三段58號七樓之11,40,1,1,1,有,179768,False
666,111,臺北市中山區錦州街50號七樓之19,38,2,1,1,有,168568,False
703,111,臺北市中山區林森北路413號十樓之6,38,2,2,1,有,159473,False
708,111,臺北市中山區南京東路三段106號十二樓,2,0,0,0,有,410755,False
781,111,臺北市中山區中山北路三段36巷4號八樓,33,2,2,1,有,246210,False
828,111,臺北市中山區林森北路85巷66弄2號五樓之2,38,1,1,1,有,179352,False
833,111,臺北市中山區建國北路三段81巷3號六樓,41,4,2,2,有,204694,False
836,111,臺北市中山區長安東路一段56巷1弄12號二樓,8,2,2,1,有,236750,False
839,111,臺北市中山區林森北路85巷77號二樓之6,15,0,1,1,有,235318,False
844,111,臺北市中山區雙城街19巷8號十四樓之2,14,1,1,1,有,241176,False
845,111,臺北市中山區長安東路一段56巷3號四樓之1,19,1,0,1,有,242267,False
854,110,臺北市中山區龍江路201號三樓,41,3,2,2,有,223091,False
900,111,臺北市中山區德惠街45號七樓之13,43,0,0,0,有,144785,False
910,111,臺北市中山區民生東路一段70巷11號四樓之13,15,1,1,1,有,252769,False
915,111,臺北市中山區大直街122號四樓,39,3,2,2,無,221091,False
956,110,臺北市中山區合江街37號七樓,3,0,0,0,有,287336,False
960,111,臺北市中山區建國北路二段139號八樓之2,36,2,2,2,有,208470,False
961,111,臺北市中山區松江路2號十一樓之1,41,1,1,1,有,205554,False
1035,110,臺北市中山區林森北路286號九樓之6,33,1,1,1,有,157700,False
1037,111,臺北市中山區林森北路107巷41號七樓之6,33,1,1,1,有,186803,False
1071,111,臺北市中山區吉林路461巷14號四樓,50,3,2,1,無,173241,False
1083,111,臺北市中山區新生北路三段16號五樓,10,1,1,1,有,245399,False
1130,111,臺北市中山區合江街100巷25號四樓,41,3,2,2,有,187512,False
1132,111,臺北市中山區林森北路121號十二樓之6,14,1,0,1,有,250987,False
1135,111,臺北市中山區中山北路二段115巷30號七樓,12,1,2,1,有,258088,False
1140,111,臺北市中山區新生北路三段56巷19號六樓之1,13,1,1,1,有,268084,False
1165,111,臺北市中山區民族東路512巷13弄27號三樓,41,3,2,2,無,127621,False
1219,111,臺北市中山區林森北路472號六樓之10,26,1,1,1,有,178944,False
1222,111,臺北市中山區市民大道三段167號七樓之3,14,1,0,1,有,255862,False
1338,110,臺北市中山區新生北路一段59號二樓,42,1,1,1,有,183385,False
1343,111,臺北市中山區合江街188巷14號七樓,45,2,2,1,有,258039,False
1352,111,臺北市中山區長春路59號八樓,46,1,2,1,有,171262,False
1372,111,臺北市中山區合江街73巷37號七樓,40,3,2,2,有,240176,False
1374,111,臺北市中山區新生北路三段82巷37號四樓之2,30,1,1,1,有,204304,False
1381,111,臺北市中山區林森北路119巷61號,55,0,0,0,無,427722,False
1460,111,臺北市中山區林森北路119巷66之3號,55,3,1,1,無,119048,False
1461,111,臺北市中山區錦州街32號九樓,40,2,2,1,有,162729,False
1483,111,臺北市中山區民權東路二段200號四樓,46,5,3,2,無,157560,False
1519,111,臺北市中山區林森北路263號七樓之3,40,1,1,1,有,159380,False
1520,111,臺北市中山區民權東路二段135巷16號七樓,39,0,0,0,有,104154,False
1530,111,臺北市中山區四平街56號四樓之2,14,2,2,1,有,315288,False
1557,111,臺北市中山區龍江路271巷3號二樓,39,4,2,2,有,209751,False
1559,111,臺北市中山區明水路397巷7弄60號四樓之3,30,1,1,1,有,249518,False
1560,110,臺北市中山區新生北路二段33巷6號五樓,48,3,2,2,無,197032,False
1667,111,臺北市中山區松江路506號二樓之3,38,3,2,2,有,202794,False
1670,111,臺北市中山區北安路630巷25弄18號四樓,25,3,2,1,有,292303,False
1713,111,臺北市中山區農安街34號五樓之10,43,0,1,1,有,158625,False
1718,111,臺北市中山區林森北路282號四樓之13,48,2,2,1,有,224918,False
1720,111,臺北市中山區中山北路二段137巷18之12號四樓之1,38,2,2,2,有,185429,False
1722,111,臺北市中山區新生北路三段43號二樓之25,44,1,1,1,有,193311,False
1770,111,臺北市中山區松江路2號十一樓之3、十一樓之4,41,0,0,0,有,211425,False
1772,111,臺北市中山區雙城街25巷2號四樓之5,46,2,1,1,有,193660,False
1890,111,臺北市中山區敬業三路162巷196號四樓,22,3,2,2,有,206431,False
1892,111,臺北市中山區新生北路二段123巷35號二樓,56,3,1,1,無,190592,False
1908,111,臺北市中山區建國北路二段188號十三樓之1,36,3,2,2,有,229578,False
1910,111,臺北市中山區中山北路二段27巷17號六樓之5,45,2,1,1,有,219017,False
1958,111,臺北市中山區民權西路20號三樓之6,45,0,0,0,有,192864,False
1978,111,臺北市中山區林森北路289號五樓之15,45,0,0,0,有,167785,False
1979,111,臺北市中山區錦州街30巷11號九樓之18,43,0,1,1,有,154138,False
2066,111,臺北市中山區建國北路二段35號六樓之2,34,1,1,1,有,255821,False
2068,111,臺北市中山區錦州街30巷11號十樓之7,43,1,0,1,有,181571,False
2093,111,臺北市中山區合江街69之1號六樓之1,37,3,2,2,有,216978,False
2100,111,臺北市中山區新生北路三段1號八樓之24,41,1,1,1,有,180377,False
2117,111,臺北市中山區興安街88號,36,0,0,0,有,267912,False
2120,111,臺北市中山區新生北路三段87巷65之1號,52,2,2,1,無,176603,False
2121,111,臺北市中山區南京東路二段108號五樓之15,12,0,0,0,有,290021,False
2171,111,臺北市中山區林森北路413號七樓之5,38,2,1,1,有,140088,False
2176,111,臺北市中山區中山北路三段53號二樓之3,1,2,2,1,有,289415,False
2177,111,臺北市中山區中山北路三段53號五樓之3,1,2,2,1,有,298593,False
2227,111,臺北市中山區合江街61巷31號三樓,42,3,2,2,無,209518,False
2358,111,臺北市中山區雙城街28巷16號五樓,46,2,2,1,無,224766,False
2361,111,臺北市中山區林森北路85巷59號五樓,41,3,2,2,無,131518,False
2362,111,臺北市中山區新生北路三段1號五樓之2,41,1,0,1,有,195918,False
2368,111,臺北市中山區新生北路二段60巷2號九樓之3,41,1,0,1,有,158755,False
2370,111,臺北市中山區北安路588巷8號五樓,31,2,1,1,有,261845,False
2373,111,臺北市中山區天祥路16號十一樓,6,1,1,1,有,305379,False
2429,111,臺北市中山區南京東路二段108號十三樓之11,12,1,1,1,有,300300,False
2440,111,臺北市中山區長安東路二段230號九樓之5,37,4,2,2,有,186713,False
2477,111,臺北市中山區民族東路530號四樓,41,3,2,2,無,151167,False
2555,111,臺北市中山區建國北路一段150號七樓之5,12,1,0,1,有,291527,False
2556,111,臺北市中山區建國北路一段150號七樓之3,12,1,1,0,有,289505,False
2588,111,臺北市中山區新生北路二段31之1號八樓之3,45,2,0,1,有,196666,False
2653,111,臺北市中山區民生東路二段83號五樓之10,42,1,1,1,有,165002,False
2655,111,臺北市中山區吉林路461巷7號,52,3,1,1,無,255583,False
2659,111,臺北市中山區興安街80巷6號三樓,52,3,2,1,無,212016,False
2661,111,臺北市中山區林森北路107巷28號五樓之1,6,1,1,1,有,199818,False
2756,111,臺北市中山區復興北路448號七樓之3,14,0,1,1,有,268722,False
2781,111,臺北市中山區松江路133巷50號四樓之1,18,1,1,1,有,309294,False
2796,111,臺北市中山區中山北路三段53號六樓之5,1,2,2,2,有,284944,False
2799,111,臺北市中山區中山北路三段53號三樓之3,1,2,2,1,有,292780,False
2800,111,臺北市中山區中山北路三段53號四樓之3,1,2,2,1,有,295635,False
2860,111,臺北市中山區德惠街178號五樓,37,3,2,2,有,200189,False
2884,111,臺北市中山區林森北路107巷28號四樓之1,6,1,0,1,有,206176,False
2900,111,臺北市中山區新生北路三段1號六樓之4,41,0,0,0,有,178231,False
2924,111,臺北市中山區新生北路二段28巷3號十四樓之2,33,3,2,2,有,231249,False
2925,110,臺北市中山區民生東路二段119號二樓之7,45,4,2,2,有,173923,False
2926,111,臺北市中山區林森北路655號七樓之3,18,1,1,1,有,200508,False
2929,111,臺北市中山區民族東路520號三樓,38,3,2,2,無,164099,False
2990,110,臺北市中山區吉林路47之3號,25,3,2,1,有,324582,False
2992,111,臺北市中山區中山北路三段53之6號六樓,36,3,2,2,有,226534,False
2994,111,臺北市中山區新生北路二段68巷13號十樓之2,14,1,1,1,有,240761,False
2995,111,臺北市中山區龍江路342巷2號三樓,44,3,2,2,無,153528,False
3089,111,臺北市中山區吉林路343巷44號,50,3,2,1,無,263892,False
3098,111,臺北市中山區新生北路二段137巷42號,56,0,0,0,無,241703,False
3100,111,臺北市中山區林森北路259巷9號四樓之14,38,1,0,1,有,172964,False
3145,111,臺北市中山區錦州街50號六樓之11,38,2,1,1,有,179609,False
3146,111,臺北市中山區復興北路60號九樓之1,42,0,0,0,有,173033,False
3148,111,臺北市中山區松江路3號八樓之4,26,1,0,1,有,201381,False
3198,111,臺北市中山區南京東路二段21巷19號,54,5,1,6,無,328239,False
3243,111,臺北市中山區中山北路一段53巷26號三樓之7,14,1,2,1,有,245098,False
3247,111,臺北市中山區吉林路254之1號五樓之1,43,1,1,1,有,214792,False
3250,111,臺北市中山區吉林路254之1號五樓,43,1,1,1,有,210266,False
3256,111,臺北市中山區合江街61巷8號三樓,41,3,2,2,無,209831,False
3257,111,臺北市中山區新生北路二段96號七樓之7,40,1,1,1,有,161385,False
3259,111,臺北市中山區長春路247號八樓之6,14,1,1,1,有,286271,False
3316,111,臺北市中山區農安街77巷6號四樓,38,2,2,2,無,149662,False
3320,111,臺北市中山區林森北路263號八樓之12,40,2,1,1,有,186138,False
3328,111,臺北市中山區南京東路三段89巷11之1號,51,0,1,1,無,221328,False
3329,111,臺北市中山區吉林路26巷20號四樓之3,32,1,0,1,有,200511,False
3338,111,臺北市中山區新生北路二段28巷1號三樓之8,33,2,2,3,有,179406,False
3339,111,臺北市中山區林森北路306號十四樓,19,0,1,1,有,195978,False
3371,111,臺北市中山區龍江路37巷6號二樓,46,3,2,2,無,189383,False
3372,111,臺北市中山區松江路330巷63號三樓,53,2,2,2,無,196473,False
3414,111,臺北市中山區長春路410號十一樓之1,33,0,0,0,有,244349,False
3490,111,臺北市中山區新生北路三段1號八樓之19,41,1,0,1,有,153846,False
3494,111,臺北市中山區民生西路45巷5弄3號,52,1,1,1,無,373943,False
3529,111,臺北市中山區新生北路三段70號七樓之6,42,1,0,1,有,185391,False
3531,111,臺北市中山區民生東路二段147巷12弄32號,56,2,2,1,無,284422,False
3534,111,臺北市中山區民生東路一段54號十樓之6,37,1,1,1,有,205541,False
3536,111,臺北市中山區南京東路二段108號十二樓之20,12,0,0,0,有,313051,False
3544,111,臺北市中山區中山北路二段77巷17號七樓之1,13,3,2,1,有,238796,False
3554,111,臺北市中山區民權東路二段135巷30弄16號六樓,43,4,2,2,有,183528,False
3556,111,臺北市中山區中原街22號七樓之2,45,1,1,1,有,221682,False
3615,111,臺北市中山區長春路100號四樓之11,47,1,1,1,有,201114,False
3619,111,臺北市中山區新生北路二段28巷5號三樓之5,33,3,2,2,有,182990,False
3620,111,臺北市中山區新生北路三段1號八樓之23,41,0,0,0,有,191114,False
3642,111,臺北市中山區龍江路249巷8號四樓,46,2,2,2,無,182360,False
3644,111,臺北市中山區四平街138號二樓之2,39,3,2,1,有,240757,False
3665,111,臺北市中山區吉林路205號三樓,50,2,2,1,無,182991,False
3693,111,臺北市中山區民生東路二段83號七樓之37,42,1,1,1,有,155314,False
3749,111,臺北市中山區民生東路二段147巷12弄34號,56,3,1,1,無,306301,False
3752,111,臺北市中山區民生東路一段72號九樓之1,41,0,0,0,有,125612,False
3756,111,臺北市中山區松江路562號二樓之10,26,1,0,1,有,124468,False
3764,111,臺北市中山區復興北路400號三樓之3,36,2,2,1,有,264370,False
3765,111,臺北市中山區林森北路107巷30號四樓,40,1,1,2,有,167904,False
3988,111,臺北市中山區松江路2號九樓之9,41,1,1,1,有,199344,False
4038,111,臺北市中山區北安路573巷2弄8號,52,3,1,3,無,289394,False
4039,111,臺北市中山區南京東路一段60號四樓,22,3,2,2,有,241023,False
4040,111,臺北市中山區南京東路一段62號四樓,22,0,0,0,有,241129,False
4041,111,臺北市中山區松江路118號十七樓之8,1,1,1,1,有,474440,False
4045,111,臺北市中山區復興北路66號十一樓之6,43,2,1,1,有,252101,False
4101,111,臺北市中山區龍江路394巷61號三樓,38,3,2,2,無,125348,False
4102,111,臺北市中山區錦州街353號六樓之2,38,2,2,1,有,246187,False
4105,111,臺北市中山區民族東路410巷23弄5號五樓,43,2,2,1,無,152828,False
4199,111,臺北市中山區撫順街41巷3號六樓之6,40,1,1,1,有,242494,False
4200,111,臺北市中山區建國北路三段80巷1號十樓,34,3,2,2,有,197160,False
4230,111,臺北市中山區市民大道三段31號五樓,42,3,2,2,無,183805,False
4263,111,臺北市中山區長安東路一段56巷7弄34號四樓,41,3,2,2,無,163211,False
4267,111,臺北市中山區松江路28號十二樓之5,35,0,1,1,有,250633,False
4272,111,臺北市中山區中山北路二段65巷16號三樓之1,49,1,2,1,有,217577,False
4275,111,臺北市中山區松江路562號五樓之2,26,1,0,1,有,146199,False
4278,111,臺北市中山區新生北路一段54號五樓,34,1,1,1,有,200490,False
4354,111,臺北市中山區龍江路271巷5號二樓,39,4,2,2,有,209624,False
4418,111,臺北市中山區新生北路二段21巷5號六樓,46,3,2,2,有,186672,False
4427,111,臺北市中山區錦州街50號十二樓之27,38,1,1,1,有,184779,False
4428,111,臺北市中山區林森北路121號十五樓之13,14,1,2,1,有,255195,False
4487,111,臺北市中山區新生北路三段64號二樓之5,43,1,1,1,有,175084,False
4494,111,臺北市中山區民權東路二段92巷7弄21號二樓,53,2,1,1,無,256898,False
4498,111,臺北市中山區新生北路一段112號三樓之8,41,1,0,1,有,169600,False
4568,111,臺北市中山區錦州街50號七樓之11,38,1,1,1,有,150555,False
4570,111,臺北市中山區林森北路413號八樓之5,38,2,2,1,有,166591,False
4573,111,臺北市中山區林森北路119巷88號三樓之1,34,1,0,1,有,202336,False
4622,111,臺北市中山區新生北路二段68巷8號九樓之10,6,2,2,1,有,283925,False
4624,111,臺北市中山區錦州街50號十一樓之5,38,1,1,1,有,153196,False
4706,111,臺北市中山區長安東路一段52巷6號四樓,56,2,1,1,無,192008,False
4707,111,臺北市中山區松江路164巷15號四樓,39,4,2,2,有,222571,False
4719,111,臺北市中山區民族東路410巷23弄25號三樓,35,3,2,2,無,180523,False
4720,111,臺北市中山區建國北路二段115號六樓,38,3,2,2,有,226757,False
4721,111,臺北市中山區長春路410號十一樓之6,33,1,0,1,有,238400,False
4727,111,臺北市中山區松江路431巷9號四樓,45,5,0,5,無,172421,False
4777,111,臺北市中山區合江街58巷30號三樓,40,3,2,2,無,189974,False
4859,111,臺北市中山區復興北路190巷1號九樓,36,3,2,1,有,251072,False
4876,111,臺北市中山區民權東路二段135巷29弄12號六樓,37,3,2,2,有,167517,False
4932,111,臺北市中山區民權東路二段146號十一樓之3,40,2,2,1,有,260376,False
4939,111,臺北市中山區中山北路二段85巷1號二樓之1,3,1,1,1,有,296646,False
4940,111,臺北市中山區農安街9號六樓之2,38,1,1,1,有,180026,False
4941,111,臺北市中山區新生北路二段38號九樓之7,26,2,2,1,有,225499,False
4950,111,臺北市中山區林森北路119巷21號三樓,51,2,2,1,無,175815,False
4970,111,臺北市中山區敬業三路162巷84號五樓,22,3,2,2,有,192976,False
4998,111,臺北市中山區中山北路二段65巷16號五樓,49,2,2,2,有,237801,False
5037,111,臺北市中山區龍江路328巷41號,45,3,1,1,無,316456,False
5067,111,臺北市中山區林森北路481號七樓之9,19,1,1,1,有,237125,False
5109,111,臺北市中山區新生北路二段60巷2號九樓之4,41,1,0,1,有,163530,False
5113,111,臺北市中山區民權東路二段92巷8弄13號,53,2,1,1,無,319608,False
5117,111,臺北市中山區復興北路154號六樓,42,0,0,0,有,246871,False
5118,111,臺北市中山區長安東路二段80號八樓,41,2,1,1,有,238312,False
5123,111,臺北市中山區林森北路85巷86號六樓之1,51,2,0,2,有,185315,False
5127,111,臺北市中山區新生北路三段88巷9號五樓,45,5,0,5,無,191888,False
5192,111,臺北市中山區龍江路331巷19號四樓,42,3,2,2,有,231001,False
5193,111,臺北市中山區復興北路288號十一樓之3,39,1,2,1,有,274120,False
5194,111,臺北市中山區合江街105號四樓之1,10,1,1,1,有,234726,False
5199,111,臺北市中山區林森北路105號八樓之2,41,2,1,1,有,177661,False
5319,111,臺北市中山區松江路31號十一樓之3,32,0,1,1,有,266759,False
5329,111,臺北市中山區遼寧街101巷14號二樓,40,5,5,5,無,206348,False
5330,111,臺北市中山區林森北路416巷1號二樓之5,46,2,1,1,有,181132,False
5418,111,臺北市中山區林森北路413號五樓之19,38,1,1,1,有,182882,False
5419,111,臺北市中山區林森北路399巷23號六樓,38,1,1,1,有,181514,False
5426,111,臺北市中山區新生北路三段43號三樓之28,44,3,1,2,有,185228,False
5428,111,臺北市中山區中山北路一段83巷9號五樓之11,48,0,1,1,有,190282,False
5493,111,臺北市中山區遼寧街101巷19號四樓之1,7,1,1,1,有,277561,False
5494,111,臺北市中山區建國北路二段87號六樓,40,1,0,1,有,186694,False
5518,111,臺北市中山區龍江路311號七樓,40,2,2,1,有,243929,False
5519,111,臺北市中山區林森北路107巷41號三樓,33,1,1,1,有,170751,False
5520,111,臺北市中山區中山北路三段25號四樓之8,44,2,2,1,有,187527,False
5571,111,臺北市中山區長安東路二段230號十二樓之2,37,3,2,2,有,188663,False
5629,111,臺北市中山區德惠街52號八樓之14,40,1,1,1,有,211506,False
5638,111,臺北市中山區民生東路一段81號五樓、五樓之1,44,2,1,1,無,185395,False
5669,111,臺北市中山區吉林路411號七樓之5,26,0,0,0,有,159462,False
5675,111,臺北市中山區新生北路三段43號四樓之8,44,1,1,1,有,173980,False
5712,111,臺北市中山區林森北路655號三樓之2,18,1,0,1,有,209659,False
5773,111,臺北市中山區吉林路140號三樓,45,3,2,2,有,185295,False
5817,111,臺北市中山區林森北路409號七樓之2,40,3,2,1,有,125803,False
5823,111,臺北市中山區新生北路三段84巷15號四樓,41,3,2,1,無,182068,False
5827,111,臺北市中山區新生北路三段43號八樓之5,44,1,1,1,有,189445,False
5828,111,臺北市中山區中山北路二段77巷29號四樓之6,45,1,1,1,有,179929,False
5832,111,臺北市中山區新生北路三段88巷40號三樓,45,3,2,2,無,189983,False
5899,111,臺北市中山區新生北路二段39號七樓之5,42,2,2,1,有,173871,False
5900,111,臺北市中山區長春路137巷3號四樓之3,43,4,2,2,有,198210,False
5902,111,臺北市中山區植福路286巷26號三十八樓,8,0,0,0,有,704831,False
5903,111,臺北市中山區植福路286巷28號三十八樓,8,0,0,0,有,704855,False
5942,111,臺北市中山區興安街91號十四樓之2,36,3,2,2,有,230841,False
5943,111,臺北市中山區新生北路二段96號十一樓之22,40,1,1,1,有,188061,False
6000,111,臺北市中山區新生北路三段43號五樓之27,44,1,1,1,有,179793,False
6047,111,臺北市中山區民生東路二段83號三樓之40,42,2,1,1,有,197027,False
6057,111,臺北市中山區民族東路512巷13弄11號四樓,41,3,2,2,無,186907,False
6059,110,臺北市中山區四平街56號四樓,13,1,1,1,有,286768,False
6119,111,臺北市中山區錦州街50號九樓之5,38,1,1,1,有,133386,False
6149,111,臺北市中山區長安東路二段193號十一樓,7,2,2,2,有,257612,False
6162,111,臺北市中山區民生東路一段54號十一樓,37,9,0,9,有,128955,False
6163,111,臺北市中山區龍江路356巷56號四樓,44,3,2,1,無,150150,False
6192,111,臺北市中山區農安街204巷13號六樓,36,3,2,2,有,175147,False
6250,111,臺北市中山區吉林路98巷19號,54,3,2,2,無,207974,False
6303,111,臺北市中山區新生北路三段1號八樓之17,41,1,1,1,有,187755,False
6306,111,臺北市中山區雙城街3巷2號十五樓之1,27,1,1,1,有,194974,False
6313,111,臺北市中山區中山北路二段77巷29號四樓之7,45,1,1,1,有,187784,False
6315,111,臺北市中山區新生北路一段48號六樓,34,2,1,1,有,235376,False
6319,111,臺北市中山區農安街123號,54,3,1,3,無,267109,False
6365,111,臺北市中山區農安街8號十三樓之9,13,1,1,1,有,234166,False
6442,111,臺北市中山區德惠街198巷13號三樓,51,3,2,2,無,179300,False
6443,111,臺北市中山區伊通街19巷21號,38,3,2,1,無,303590,False
6455,111,臺北市中山區吉林路254號五樓,43,4,0,4,有,187482,False
6492,111,臺北市中山區松江路31號十一樓,32,0,1,1,有,227076,False
6497,111,臺北市中山區中山北路二段116巷23號三樓,45,2,2,1,無,212854,False
6499,111,臺北市中山區林森北路107巷87號三樓,41,5,0,5,無,146888,False
6509,111,臺北市中山區大直街67巷1號四樓,38,3,2,2,無,230920,False
6545,111,臺北市中山區林森北路409號十樓之2,40,2,2,1,有,161290,False
6547,111,臺北市中山區龍江路328巷4號四樓,44,3,2,2,無,171126,False
6549,111,臺北市中山區林森北路119巷85號五樓,38,4,1,1,有,151181,False
6550,111,臺北市中山區民生東路三段73巷2弄1號三樓,46,3,2,2,無,196098,False
6572,111,臺北市中山區建國北路三段81巷15號,39,0,0,0,有,186565,False
6584,111,臺北市中山區南京東路三段118號八樓之2,42,0,0,0,有,227618,False
6585,111,臺北市中山區南京東路三段118號八樓之3,42,0,0,0,有,229834,False
6629,111,臺北市中山區德惠街52號八樓之10,40,1,1,1,有,175498,False
6632,111,臺北市中山區中山北路二段128巷9號三樓之1,11,1,1,1,有,260518,False
6675,111,臺北市中山區中山北路一段83巷9號五樓之9,48,0,1,1,有,187391,False
6676,111,臺北市中山區長安東路二段178號九樓之8,34,2,2,1,有,231961,False
6678,111,臺北市中山區長安東路二段189號十一樓之8,39,1,1,1,有,263857,False
6680,111,臺北市中山區北安路669號二樓,5,0,0,0,有,217178,False
6682,111,臺北市中山區復興北路232號五樓之2,36,2,2,2,有,253010,False
6683,111,臺北市中山區北安路652號四樓,46,4,2,1,無,207275,False
6781,111,臺北市中山區民權東路一段38巷18弄1號四樓之5,49,3,2,2,有,148350,False
6806,111,臺北市中山區長安東路二段178號九樓之7,34,3,2,2,有,222471,False
6853,111,臺北市中山區新生北路二段40號十六樓之7,26,2,1,1,有,265157,False
6905,111,臺北市中山區新生北路二段76號八樓之8,14,1,1,1,有,232489,False
6967,111,臺北市中山區復興北路430巷10號,44,0,2,2,無,322992,False
24,110,臺北市中山區民權西路63號十樓,4,0,0,0,有,347164,False
36,110,臺北市中山區雙城街37巷3號六樓,31,3,2,2,有,189304,False
37,110,臺北市中山區復興北路448號十一樓,13,1,1,1,有,259330,False
40,110,臺北市中山區合江街144巷16號四樓,51,3,2,2,無,154143,False
92,110,臺北市中山區南京東路一段132巷31號六樓之1,36,1,0,1,有,171664,False
95,110,臺北市中山區中山北路二段65巷16號二樓之1,48,1,1,1,無,185435,False
99,110,臺北市中山區合江街83巷22號七樓,39,5,3,3,有,232576,False
138,110,臺北市中山區復興北路190巷13號十五樓,35,2,2,1,有,229639,False
140,110,臺北市中山區農安街26之2號十二樓之2、十二樓之3,37,7,2,3,有,196858,False
203,110,臺北市中山區民權西路65號十樓,4,0,0,0,有,347914,False
250,110,臺北市中山區林森北路107巷43號三樓之3,29,1,1,1,有,171801,False
257,110,臺北市中山區中山北路二段62巷35號五樓,3,1,1,1,有,281259,False
312,110,臺北市中山區林森北路483號七樓之4,18,1,1,1,有,201759,False
314,110,臺北市中山區民生東路一段25號九樓之2,41,1,1,1,有,135002,False
355,110,臺北市中山區中山北路二段168之5號三樓之3,15,2,1,1,有,276572,False
391,110,臺北市中山區林森北路413號十樓之6,37,2,2,1,有,130244,False
436,110,臺北市中山區敬業三路162巷22號五樓,21,2,2,1,有,210025,False
438,110,臺北市中山區林森北路85巷36號五樓之7,40,1,1,1,有,179641,False
440,110,臺北市中山區松江路289之304號,51,4,1,2,有,204007,False
444,110,臺北市中山區林森北路107巷43號五樓之1,29,1,0,1,有,156486,False
507,110,臺北市中山區合江街31巷14號三樓,46,4,2,2,無,174128,False
570,110,臺北市中山區南京東路二段196號四樓,11,3,2,2,有,298474,False
641,110,臺北市中山區林森北路107巷90號五樓之1、五樓之2,45,2,4,2,有,161121,False
653,110,臺北市中山區建國北路三段113巷5號二樓,41,3,2,2,無,183080,False
655,110,臺北市中山區民族東路196號三樓,49,2,2,1,無,166199,False
699,110,臺北市中山區龍江路295巷9之1號,51,4,2,2,無,257913,False
709,110,臺北市中山區建國北路三段175號三樓,36,3,2,2,無,175365,False
716,110,臺北市中山區中山北路二段62巷35號四樓,3,1,1,1,有,290877,False
804,110,臺北市中山區合江街39號十一樓,3,0,0,0,有,299470,False
842,110,臺北市中山區合江街69之1號四樓,36,3,2,2,有,225161,False
843,110,臺北市中山區新生北路三段58號七樓之11,39,1,1,1,有,172456,False
846,110,臺北市中山區新生北路二段60巷2號九樓之2,40,2,1,1,有,188735,False
864,110,臺北市中山區北安路621巷41號二樓,41,4,2,2,無,206815,False
910,110,臺北市中山區德惠街18號六樓之3,6,1,1,1,有,272076,False
911,110,臺北市中山區民權東路一段55號十一樓,37,1,1,1,有,213873,False
921,110,臺北市中山區中原街22號六樓之13,44,1,1,1,有,157034,False
924,110,臺北市中山區中山北路二段77巷16號六樓,39,1,1,1,有,155968,False
973,110,臺北市中山區新生北路三段87巷47號,49,3,2,1,無,268962,False
1015,110,臺北市中山區復興北路288號十二樓之1,38,3,2,1,有,242073,False
1017,110,臺北市中山區合江街144巷28號四樓,51,2,1,1,無,228898,False
1019,110,臺北市中山區林森北路259巷9號七樓之20,37,0,1,1,有,172623,False
1021,110,臺北市中山區長安東路一段56巷7弄10號四樓,53,4,2,3,無,210852,False
1022,110,臺北市中山區天津街37號七樓之1,34,2,1,2,有,198585,False
1027,110,臺北市中山區民權東路二段92巷7弄17號三樓,51,7,3,3,無,259516,False
1146,110,臺北市中山區林森北路67巷24弄2號五樓,34,3,2,2,無,182510,False
1148,110,臺北市中山區北安路829號二樓,11,1,1,1,有,279392,False
1151,110,臺北市中山區民權東路二段26號四樓之4,37,3,2,1,有,180617,False
1156,110,臺北市中山區建國北路三段113巷31弄16號三樓,34,3,2,1,無,164112,False
1188,110,臺北市中山區新生北路一段65之2號,52,2,2,1,無,170994,False
1192,110,臺北市中山區松江路330巷41號二樓,51,2,2,1,無,192562,False
1230,110,臺北市中山區長春路219號十一樓之3,40,0,0,0,有,172370,False
1286,110,臺北市中山區興安街77號四樓之3,35,3,2,2,有,246132,False
1332,110,臺北市中山區中原街84號,55,2,1,1,無,286187,False
1337,110,臺北市中山區松江路51號十一樓,32,0,0,0,有,217253,False
1386,110,臺北市中山區錦州街30巷11號九樓之8,42,1,1,1,有,180755,False
1460,110,臺北市中山區新生北路一段78號十一樓之3,33,2,1,1,有,220548,False
1461,110,臺北市中山區中山北路二段168之5號七樓之3,15,2,2,1,有,297475,False
1463,110,臺北市中山區新生北路三段93巷53號二樓,48,3,2,2,無,171607,False
1468,110,臺北市中山區林森北路259巷9號五樓之28,37,1,0,1,有,167364,False
1507,110,臺北市中山區民權西路69號六樓,4,0,0,0,有,344634,False
1511,110,臺北市中山區民生東路一段70巷6號二樓之1,14,3,1,2,有,210660,False
1529,110,臺北市中山區北安路805巷2之5號,43,5,1,5,有,194985,False
1570,110,臺北市中山區基湖路151巷21號四樓之5,17,1,1,1,無,244450,False
1571,110,臺北市中山區復興南路一段42號八樓,40,1,1,1,有,236183,False
1572,110,臺北市中山區南京東路二段108號十樓之20,11,1,1,1,有,299824,False
1573,110,臺北市中山區吉林路26巷20號三樓之2,31,0,0,0,有,171587,False
1574,110,臺北市中山區松江路562號二樓之14,25,1,1,1,有,200052,False
1576,110,臺北市中山區林森北路479號二樓之1,18,2,1,1,有,200747,False
1606,110,臺北市中山區松江路64巷7號四樓,38,1,1,1,無,202368,False
1609,110,臺北市中山區林森北路536號十二樓之7,16,2,1,1,有,291046,False
1612,110,臺北市中山區民權東路三段39巷2號七樓,34,3,2,3,有,250751,False
1660,110,臺北市中山區南京東路二段21巷8號五樓之1,44,4,2,2,有,198854,False
1668,110,臺北市中山區錦州街30巷11號七樓之7,42,1,1,1,有,209829,False
1674,110,臺北市中山區龍江路331巷23號二樓,34,3,2,2,有,232753,False
1683,110,臺北市中山區新生北路二段60巷2號十一樓之1,40,1,1,1,有,183064,False
1740,110,臺北市中山區德惠街34號七樓之18,42,1,1,1,有,204082,False
1741,110,臺北市中山區新生北路二段60巷16號三樓之1,25,2,1,1,有,200617,False
1743,110,臺北市中山區新生北路二段74號六樓之8,49,1,1,1,有,133301,False
1794,110,臺北市中山區民生東路一段25號十二樓之20,41,0,0,0,有,159500,False
1797,110,臺北市中山區民權東路二段9號五樓之4,42,2,2,1,有,178539,False
1800,110,臺北市中山區民權東路二段9號五樓之6,42,2,2,1,有,178606,False
1836,110,臺北市中山區民生東路一段25號十一樓之17,41,1,1,1,有,146986,False
1837,110,臺北市中山區民生東路一段25號十一樓之16,41,1,1,1,有,146986,False
1893,110,臺北市中山區撫順街26號六樓之4,45,2,2,1,有,186400,False
1897,110,臺北市中山區林森北路557巷3號八樓之6,11,2,1,1,有,219382,False
1901,110,臺北市中山區錦州街50號五樓之23,37,1,0,1,有,161238,False
1902,110,臺北市中山區新生北路三段82巷18號四樓之2,29,1,1,1,有,190524,False
1903,110,臺北市中山區樂群二路86號五樓,4,0,0,0,有,458895,False
1905,110,臺北市中山區中山北路二段36巷24號四樓,38,3,2,2,無,220872,False
1907,110,臺北市中山區民權東路一段36號三樓,14,1,1,1,有,246202,False
1909,110,臺北市中山區長春路28號七樓之1,11,1,1,1,有,260035,False
1911,110,臺北市中山區崇實路63巷1號,24,1,1,1,有,320180,False
1912,110,臺北市中山區建國北路二段35號二樓之2,33,1,1,1,有,251796,False
1953,110,臺北市中山區中原街22號七樓之20,44,1,0,1,有,168350,False
1958,110,臺北市中山區建國北路二段35號六樓之3,33,1,1,1,有,248873,False
1964,110,臺北市中山區新生北路三段26號十二樓之11,40,1,1,1,有,195950,False
2022,110,臺北市中山區中山北路二段65巷10號九樓之1,1,2,1,1,有,279883,False
2070,110,臺北市中山區農安街271巷2之1號五樓,36,3,2,3,無,175753,False
2118,110,臺北市中山區松江路3號八樓之6,25,2,2,2,有,203381,False
2122,110,臺北市中山區南京東路三段106號十三樓,1,0,0,0,有,415524,False
2124,110,臺北市中山區伊通街129號六樓之5,19,1,1,1,有,260562,False
2125,110,臺北市中山區撫順街6之1號八樓之2,39,1,1,1,有,250172,False
2132,110,臺北市中山區撫順街41巷1之10號四樓,52,2,1,1,無,148633,False
2135,110,臺北市中山區新生北路二段39號七樓之5,41,2,1,1,有,169041,False
2201,110,臺北市中山區吉林路369號四樓,42,1,1,1,有,185833,False
2204,110,臺北市中山區長春路28號九樓之3,11,1,1,1,有,248166,False
2261,110,臺北市中山區長春路410號十一樓之2,32,1,1,1,有,244645,False
2264,110,臺北市中山區中原街22號七樓之19,44,1,1,1,有,194368,False
2305,110,臺北市中山區林森北路409號八樓之26,39,0,1,1,有,157017,False
2368,110,臺北市中山區遼寧街101巷2弄20號二樓,49,3,2,2,無,200748,False
2383,110,臺北市中山區德惠街45號六樓之5,42,1,1,1,有,185996,False
2389,110,臺北市中山區龍江路455號二樓,45,3,2,2,無,188835,False
2439,110,臺北市中山區錦州街50號六樓之20,37,1,0,1,有,139519,False
2440,110,臺北市中山區林森北路119巷88號三樓之1,33,1,1,1,有,195546,False
2442,110,臺北市中山區新生北路一段25之2號五樓,48,6,0,3,無,231530,False
2443,110,臺北市中山區新生北路一段25之2號二樓,48,4,0,4,無,231530,False
2444,110,臺北市中山區新生北路一段25之2號四樓,48,4,0,1,無,231530,False
2450,110,臺北市中山區松江路46巷12號,51,2,1,1,無,299749,False
2451,110,臺北市中山區敬業三路162巷76號十樓,21,3,2,2,有,189759,False
2453,110,臺北市中山區中山北路二段62巷35號六樓之1,3,1,1,1,有,281214,False
2458,110,臺北市中山區新生北路三段61號四樓之29,45,1,1,1,有,182942,False
2511,110,臺北市中山區松江路133巷50號四樓之3,17,1,1,1,有,291717,False
2515,110,臺北市中山區龍江路328巷4號四樓,43,3,2,2,無,141817,False
2586,110,臺北市中山區民權西路20號三樓之9,44,1,2,1,有,193689,False
2653,110,臺北市中山區民權東路三段56號十四樓之1,37,0,1,0,有,241980,False
2657,110,臺北市中山區民生東路一段29號七樓之3,38,3,1,1,有,172973,False
2659,110,臺北市中山區龍江路384巷6號三樓,42,3,2,2,無,196739,False
2662,110,臺北市中山區龍江路305巷8號四樓,39,3,2,2,無,185562,False
2664,110,臺北市中山區天祥路16號五樓之1,5,1,1,1,有,273342,False
2724,110,臺北市中山區興安街91號十樓之3,35,4,2,2,有,232114,False
2725,110,臺北市中山區新生北路二段29號十樓,37,4,2,2,有,212552,False
2727,110,臺北市中山區新生北路三段70號七樓之5,41,1,0,1,有,163877,False
2773,111,臺北市中山區雙城街43巷7號六樓之7,43,0,0,0,有,177150,False
2826,110,臺北市中山區遼寧街76巷11號,14,1,1,1,無,325105,False
2830,110,臺北市中山區樂群二路200號二樓,21,3,2,2,有,187174,False
2834,110,臺北市中山區錦州街50號十二樓之27,37,0,0,0,有,127378,False
2835,110,臺北市中山區新生北路二段119巷5號三樓,48,5,1,2,無,176648,False
2839,110,臺北市中山區新生北路二段60巷2號十樓之10,40,1,1,1,有,184251,False
2889,110,臺北市中山區中山北路一段121巷25號三樓,50,3,3,3,無,183252,False
2893,111,臺北市中山區新生北路二段74號十一樓之10,50,1,1,1,有,163089,False
2895,111,臺北市中山區新生北路三段16號六樓,10,1,1,1,有,226522,False
2947,110,臺北市中山區新生北路一段23號三樓之1,41,2,2,1,有,223486,False
2979,110,臺北市中山區錦州街159號十樓,41,2,2,1,有,182478,False
2980,110,臺北市中山區合江街39號七樓,3,2,2,1,有,287219,False
3022,110,臺北市中山區新生北路二段43號七樓之2,45,1,0,1,有,166412,False
3023,110,臺北市中山區新生北路二段43號七樓之3,45,1,0,1,有,169047,False
3037,110,臺北市中山區興安街77號五樓之1,35,3,2,2,有,240621,False
3039,110,臺北市中山區合江街188巷5號六樓,43,4,2,2,有,195482,False
3045,110,臺北市中山區民生東路二段83號六樓之27,41,1,1,1,有,163592,False
3046,110,臺北市中山區民生東路一段77號十樓之1,29,1,1,1,有,168720,False
3047,110,臺北市中山區錦州街50號六樓之11,37,0,0,0,有,134707,False
3048,110,臺北市中山區大直街84巷3號,37,3,2,2,無,356211,False
3049,110,臺北市中山區大直街84巷5號,37,3,2,2,無,356211,False
3051,110,臺北市中山區合江街58巷19號五樓,35,7,2,5,無,189298,False
3053,110,臺北市中山區龍江路336號六樓,34,3,2,1,有,235771,False
3090,110,臺北市中山區民生東路一段87號三樓之1,25,1,0,1,有,178301,False
3095,110,臺北市中山區興安街100號九樓之4,35,2,1,1,有,246163,False
3131,111,臺北市中山區建國北路二段109號十一樓,37,3,2,2,有,220831,False
3133,111,臺北市中山區吉林路447巷12號四樓,38,3,2,2,無,161518,False
3174,110,臺北市中山區南京東路二段108號八樓,11,1,1,1,有,297478,False
3218,110,臺北市中山區民權東路二段146號九樓之2,39,2,1,1,有,241397,False
3230,110,臺北市中山區龍江路295巷5號四樓之1,51,3,2,1,無,152168,False
3240,110,臺北市中山區民權東路二段92巷7弄26號,53,3,2,2,無,327301,False
3242,110,臺北市中山區林森北路85巷86號二樓之1,50,2,2,2,有,179130,False
3280,110,臺北市中山區合江街93巷10之1號,53,4,1,2,無,550796,False
3293,110,臺北市中山區新生北路一段41號八樓,37,3,2,2,有,215332,False
3294,110,臺北市中山區德惠街52號八樓之2,39,1,1,1,有,197273,False
3300,110,臺北市中山區民生東路一段25號九樓之1,41,2,1,1,有,135999,False
3304,110,臺北市中山區林森北路409號十樓之2,39,2,1,1,有,163619,False
3377,110,臺北市中山區錦州街298號四樓,42,3,2,2,有,201495,False
3378,110,臺北市中山區新生北路三段12號四樓之1,9,0,0,0,有,198372,False
3379,110,臺北市中山區林森北路289號七樓之1,44,3,2,1,有,158587,False
3423,110,臺北市中山區建國北路三段75巷5號六樓,38,3,2,2,有,191877,False
3439,110,臺北市中山區龍江路384巷6號一樓,42,3,2,2,無,231458,False
3440,110,臺北市中山區建國北路一段41號六樓,14,1,2,1,有,246473,False
3443,110,臺北市中山區松江路46巷12號二樓,51,2,1,1,無,220956,False
3485,110,臺北市中山區長安東路二段49號七樓,37,3,1,1,有,241331,False
3571,110,臺北市中山區農安街227巷9弄4號五樓,44,3,2,1,無,164041,False
3612,109,臺北市中山區撫順街26號七樓之1,44,2,1,1,有,163210,False
3647,111,臺北市中山區雙城街19巷8號三樓之15,14,1,1,1,有,234899,False
3653,110,臺北市中山區中山北路二段137巷8號四樓,43,2,2,1,無,171556,False
3728,110,臺北市中山區中山北路一段121巷33號九樓之1,10,1,1,1,有,245878,False
3773,110,臺北市中山區中山北路二段77巷17號八樓之5,12,0,0,0,有,253931,False
3785,110,臺北市中山區濱江街172號二樓,54,0,0,1,無,136081,False
3799,110,臺北市中山區松江路118號十四樓之7,0,1,1,1,有,482090,False
3831,110,臺北市中山區民生東路二段83號三樓之40,41,1,1,1,有,147548,False
3859,110,臺北市中山區新生北路三段7號十樓之3,39,2,2,2,有,198795,False
3880,110,臺北市中山區松江路38巷2號十一樓,36,3,2,2,有,240639,False
3884,110,臺北市中山區林森北路107巷30號六樓之9,39,0,0,0,有,155945,False
3922,110,臺北市中山區樂群二路192號二樓,21,3,2,2,有,154440,False
3924,110,臺北市中山區合江街73巷14號四樓,39,3,2,2,有,234892,False
3932,110,臺北市中山區大直街62巷5弄8號三樓,43,3,2,2,無,189039,False
3935,110,臺北市中山區中山北路一段105巷21號六樓之1,26,1,1,1,有,199282,False
3971,110,臺北市中山區林森北路416巷1號二樓之4,45,4,4,2,有,165667,False
3976,110,臺北市中山區松江路428號二樓之1,15,1,1,1,有,317765,False
3994,110,臺北市中山區民生東路一段54號十樓之3,36,1,1,1,有,203268,False
3997,110,臺北市中山區新生北路三段56巷1號九樓之12,40,1,1,1,有,175492,False
4042,110,臺北市中山區龍江路342巷38號四樓,43,3,2,2,無,178517,False
4089,110,臺北市中山區新生北路三段43號十樓之16,43,1,1,1,有,154649,False
4092,110,臺北市中山區德惠街45號九樓之5,42,1,1,1,有,221675,False
4160,111,臺北市中山區南京東路一段132巷30號四樓之1,20,0,0,1,有,181231,False
4161,111,臺北市中山區錦州街159號六樓之4,42,1,1,1,有,194074,False
4163,110,臺北市中山區錦州街159號七樓之1,41,2,1,1,有,199503,False
4215,110,臺北市中山區吉林路476號四樓,48,4,2,4,無,195214,False
4218,110,臺北市中山區龍江路292巷3號六樓,25,3,2,2,有,252717,False
4237,110,臺北市中山區中山北路三段29號三樓,44,4,2,2,有,200018,False
4238,110,臺北市中山區合江街19號三樓,50,2,2,3,無,190718,False
4242,110,臺北市中山區龍江路244之1號三樓,35,3,2,2,有,216408,False
4244,110,臺北市中山區建國北路三段113巷1號四樓,41,3,2,2,無,166342,False
4341,110,臺北市中山區林森北路536號二樓之6,16,2,1,1,有,233281,False
4342,110,臺北市中山區林森北路306號十樓之1,18,1,0,1,有,217214,False
4346,111,臺北市中山區德惠街34號十一樓之2,43,1,0,1,有,157826,False
4407,110,臺北市中山區林森北路399巷21號六樓之1,37,5,1,4,有,150491,False
4410,111,臺北市中山區農安街45號八樓之3,46,1,1,1,有,196489,False
4415,111,臺北市中山區新生北路三段82巷18號二樓之6,30,2,1,1,有,200701,False
4434,110,臺北市中山區錦州街21號十樓之7,39,2,1,1,有,228595,False
4437,110,臺北市中山區樂群二路186號六樓,21,3,2,2,有,187645,False
4466,110,臺北市中山區林森北路145巷36號五樓,37,3,2,1,無,183400,False
4467,110,臺北市中山區北安路627號二樓,35,4,0,4,無,202745,False
4483,110,臺北市中山區林森北路481號七樓之9,18,1,2,1,有,210575,False
4491,110,臺北市中山區復興南路一段44號九樓之1,40,1,0,1,有,250382,False
4493,111,臺北市中山區新生北路三段1號七樓之15,41,1,1,1,有,204025,False
4539,110,臺北市中山區龍江路271巷5號七樓,38,4,2,2,有,243777,False
4540,110,臺北市中山區遼寧街223號三樓,35,3,2,1,有,177587,False
4541,110,臺北市中山區林森北路416巷1號四樓之5,45,1,1,1,有,145912,False
4542,110,臺北市中山區新生北路三段82巷17號五樓,39,3,2,2,無,194946,False
4543,110,臺北市中山區新生北路二段39號七樓之1,41,2,2,2,有,162665,False
4545,110,臺北市中山區中山北路二段77巷37號十二樓,42,1,1,1,有,154416,False
4547,111,臺北市中山區民生東路一段72號十樓之1,41,0,0,0,有,147798,False
4586,110,臺北市中山區建國北路二段35號八樓之2,33,1,1,1,有,232251,False
4589,111,臺北市中山區四平街107號六樓之1,21,0,0,0,有,249293,False
4591,110,臺北市中山區安東街19號二樓之9、二樓之10,40,2,2,1,有,224996,False
4648,110,臺北市中山區新生北路二段127巷24號,55,2,2,1,無,177329,False
4650,110,臺北市中山區新生北路二段127巷24號,55,2,2,1,無,286455,False
4667,110,臺北市中山區興安街63號六樓之2,35,3,2,2,有,236126,False
4687,110,臺北市中山區五常街53巷1號四樓,44,3,2,1,無,159585,False
4688,111,臺北市中山區復興北路402巷12號四樓,38,3,2,2,有,266188,False
4699,111,臺北市中山區林森北路413號八樓之5,38,2,1,1,有,144631,False
4703,111,臺北市中山區林森北路306號十四樓之7,19,1,1,1,有,202461,False
4704,111,臺北市中山區錦西街31號六樓之2,45,1,1,1,有,202713,False
4715,110,臺北市中山區林森北路413號十一樓之11,37,2,1,1,有,170629,False
4756,111,臺北市中山區伊通街129號八樓之5,20,1,1,1,有,243557,False
4824,110,臺北市中山區中原街22號四樓之25,44,1,1,1,有,196296,False
4829,111,臺北市中山區林森北路107巷81號六樓,36,1,1,1,有,164490,False
4874,111,臺北市中山區民生東路二段147巷12弄26號二樓,56,3,2,1,無,182322,False
4889,110,臺北市中山區敬業三路162巷60號五樓,21,3,2,2,有,230179,False
4893,111,臺北市中山區林森北路483號二樓之2,19,1,1,1,有,194929,False
4895,110,臺北市中山區雙城街49巷18號,7,2,1,1,有,278025,False
4898,110,臺北市中山區錦州街50號八樓之6,37,2,1,1,有,179609,False
4906,111,臺北市中山區樂群二路180號七樓,22,3,2,2,有,198713,False
4945,111,臺北市中山區民權東路二段26號十一樓,38,2,2,1,有,198638,False
4948,111,臺北市中山區復興北路66號十一樓,43,2,2,1,有,257043,False
4990,111,臺北市中山區中山北路二段26巷24號三樓,11,2,2,2,有,232385,False
5026,110,臺北市中山區農安街77巷9弄18號,53,3,1,2,無,258464,False
5033,111,臺北市中山區林森北路409號十樓,40,2,2,1,有,141406,False
5036,110,臺北市中山區林森北路85巷88號三樓之2,50,2,0,2,有,158960,False
5076,110,臺北市中山區中山北路三段51之5號,0,2,2,1,有,313690,False
5077,110,臺北市中山區建國北路一段33巷41號二樓,40,3,2,2,有,192830,False
5078,111,臺北市中山區新生北路一段47巷8號,53,0,0,0,無,243526,False
5082,110,臺北市中山區南京東路二段108號十三樓,11,1,1,1,有,307567,False
5086,111,臺北市中山區錦州街50號六樓之25,38,1,1,1,有,142535,False
5088,111,臺北市中山區雙城街43巷21號五樓之4,28,1,0,1,有,195227,False
5099,111,臺北市中山區吉林路456巷37號三樓,54,3,2,2,無,178218,False
5174,111,臺北市中山區撫順街23號五樓之3,18,2,1,2,有,182281,False
5176,111,臺北市中山區龍江路318巷25號五樓,45,3,2,1,無,155966,False
5209,110,臺北市中山區錦州街164號三樓,52,2,2,1,無,191433,False
5212,111,臺北市中山區林森北路409號八樓之24,40,0,1,1,有,90931,False
5219,110,臺北市中山區農安街237號五樓,39,4,2,3,無,184839,False
5229,110,臺北市中山區北安路662號五樓,27,3,2,2,有,216042,False
5269,111,臺北市中山區林森北路308號五樓,12,1,1,1,有,216049,False
5270,111,臺北市中山區民生東路二段83號六樓之35,42,1,1,1,有,205579,False
5271,111,臺北市中山區錦州街30巷11號十樓之15,43,1,1,1,有,152569,False
5331,111,臺北市中山區南京東路二段108號十一樓之3,12,1,1,1,有,299341,False
5333,111,臺北市中山區林森北路481號九樓之6,19,1,1,1,有,219653,False
5386,111,臺北市中山區合江街93巷23號四樓,40,3,1,1,無,190754,False
5391,110,臺北市中山區農安街34號四樓之1,42,1,1,1,有,183290,False
5489,111,臺北市中山區新生北路三段56巷1號八樓之14,41,0,0,0,有,177350,False
5490,110,臺北市中山區松江路2號九樓之6,40,1,1,1,有,226079,False
5528,110,臺北市中山區錦州街50號九樓之9,37,2,1,1,有,184363,False
5529,110,臺北市中山區吉林路200巷22號,55,2,3,2,無,286750,False
5531,111,臺北市中山區天祥路16巷15號四樓之4,52,1,1,1,有,196166,False
5538,111,臺北市中山區新生北路二段76號八樓,14,1,1,1,有,231564,False
5545,110,臺北市中山區長安東路一段56巷3號四樓,18,1,1,1,有,225509,False
5618,111,臺北市中山區雙城街3巷2號八樓之6,27,1,1,1,有,187882,False
5627,111,臺北市中山區民生東路一段72號十樓之2,41,1,0,1,有,160550,False
5654,110,臺北市中山區合江街17巷7號,48,5,2,2,無,257859,False
5658,111,臺北市中山區德惠街45號五樓之10,43,0,0,0,有,145879,False
5702,111,臺北市中山區建國北路三段113巷7弄1號四樓,42,3,2,2,無,159756,False
5705,111,臺北市中山區林森北路286號十一樓之8,34,1,1,1,有,163619,False
5712,111,臺北市中山區新生北路三段43號九樓之2,44,1,1,1,有,187125,False
5718,111,臺北市中山區吉林路98巷24號,54,3,1,2,無,175102,False
5798,111,臺北市中山區德惠街45號六樓之21,43,1,1,1,有,180573,False
5799,111,臺北市中山區林森北路119巷88號七樓之1,34,0,1,1,有,187466,False
5950,111,臺北市中山區中山北路二段59巷45號十三樓之11,23,1,1,1,有,244344,False
5951,111,臺北市中山區復興北路190巷13號九樓之2,36,3,2,1,有,203149,False
6010,111,臺北市中山區民生東路二段83號五樓之9,42,1,1,1,有,189751,False
6115,111,臺北市中山區德惠街3巷1號四樓,16,0,0,0,有,236967,False
6186,111,臺北市中山區民族東路512巷13弄49號五樓,41,3,2,1,無,168109,False
14,110,臺北市中山區松江路562號四樓之7,25,2,1,1,有,138660,False
15,110,臺北市中山區中山北路二段39巷6號八樓之2,20,1,1,1,有,242028,False
16,110,臺北市中山區民生東路一段25號七樓之10,41,1,1,1,有,169858,False
17,110,臺北市中山區新生北路二段72巷17號八樓之3,45,1,1,1,有,168269,False
41,110,臺北市中山區吉林路258號二樓之1,7,2,2,1,有,252755,False
43,110,臺北市中山區明水路397巷7弄80號八樓,27,3,2,1,有,273764,False
78,110,臺北市中山區林森北路107巷25號七樓,34,4,0,4,有,180696,False
79,110,臺北市中山區松江路160巷16號四樓,56,2,2,1,無,203356,False
143,110,臺北市中山區吉林路119巷1號五樓之1,36,1,2,1,有,229115,False
179,110,臺北市中山區林森北路107巷90號二樓之1、二樓之2,45,2,2,2,有,163119,False
183,110,臺北市中山區新生北路一段56號五樓,33,2,2,1,有,191259,False
283,110,臺北市中山區吉林路176號五樓,39,3,2,2,有,208481,False
285,110,臺北市中山區五常街11巷5號十四樓之2,2,1,1,1,有,245656,False
293,110,臺北市中山區北安路595巷4號五樓,29,3,2,2,無,194010,False
294,110,臺北市中山區民權東路三段88號十三樓之2,35,3,2,2,有,223885,False
342,110,臺北市中山區林森北路399巷23號六樓,37,0,0,0,有,136275,False
345,110,臺北市中山區民族東路260號三樓,36,3,2,2,無,163820,False
402,110,臺北市中山區合江街69之1號六樓之1,36,3,2,2,有,196785,False
409,110,臺北市中山區遼寧街105巷37號六樓之1,41,2,2,1,有,272365,False
441,110,臺北市中山區復興南路一段32號七樓,41,3,2,2,有,273722,False
447,110,臺北市中山區合江街41巷6號,46,0,0,0,無,265215,False
486,110,臺北市中山區林森北路483號九樓之4,18,1,1,1,有,204863,False
488,110,臺北市中山區龍江路412巷28號,39,0,0,0,無,238450,False
500,110,臺北市中山區復興北路400號十樓之6,35,1,1,1,有,279134,False
503,110,臺北市中山區安東街16巷34之2號,38,3,2,2,有,213530,False
539,110,臺北市中山區松江路431巷27號五樓,32,2,1,2,有,180155,False
546,110,臺北市中山區龍江路356巷87號五樓,43,6,1,6,無,171712,False
599,110,臺北市中山區吉林路12巷20號五樓,43,11,1,7,無,189481,False
648,110,臺北市中山區新生北路三段82巷29號五樓,29,1,1,1,有,199406,False
649,110,臺北市中山區中山北路一段83巷13號四樓之10,36,1,1,1,有,164103,False
650,110,臺北市中山區建國北路一段23巷53號七樓,27,1,1,1,有,220183,False
700,110,臺北市中山區民生東路三段9巷15號六樓,37,4,2,2,有,211503,False
704,110,臺北市中山區復興北路190巷25號五樓之5,35,3,2,1,有,254749,False
731,110,臺北市中山區中山北路二段59巷9號六樓之2,44,2,2,1,有,213434,False
734,110,臺北市中山區林森北路107巷30號二樓,39,1,1,1,有,161622,False
736,110,臺北市中山區林森北路282號六樓之12,47,2,1,1,有,203887,False
786,110,臺北市中山區松江路100巷19號底樓,47,0,0,0,無,296313,False
829,110,臺北市中山區林森北路655號六樓之2,17,1,1,1,有,196532,False
876,110,臺北市中山區民生東路三段88巷4號四樓之2,35,3,2,2,有,229531,False
884,110,臺北市中山區松江路431巷25號五樓,32,2,2,1,有,185691,False
913,110,臺北市中山區吉林路407巷3號六樓,37,3,2,2,有,190892,False
954,110,臺北市中山區民權東路二段135巷30弄16號五樓,42,4,2,2,有,168717,False
955,110,臺北市中山區林森北路107巷23號七樓,34,4,0,4,有,180736,False
963,110,臺北市中山區德惠街3巷1號二樓之1,15,1,1,1,有,209981,False
1008,110,臺北市中山區興安街30號二樓,26,3,2,1,有,223045,False
1012,110,臺北市中山區林森北路263號七樓之2,39,1,1,1,有,157618,False
1071,110,臺北市中山區建國北路二段65號九樓,32,5,1,2,有,202819,False
1072,110,臺北市中山區農安街77巷1弄20號,54,2,1,2,無,237099,False
1080,110,臺北市中山區林森北路96號十一樓之1,39,1,1,1,有,186794,False
1124,110,臺北市中山區八德路二段69號六樓之3,35,0,2,2,有,190262,False
1136,110,臺北市中山區四平街138號六樓,38,3,1,1,有,233797,False
1181,110,臺北市中山區林森北路416巷1號六樓之3,45,1,1,1,有,160398,False
1185,110,臺北市中山區中山北路二段77巷37號十樓之5,42,1,1,1,有,184366,False
1190,110,臺北市中山區農安街77巷1弄18號二樓,54,2,2,1,無,122455,False
1191,110,臺北市中山區大直街67巷27號,45,4,1,2,無,211749,False
1227,110,臺北市中山區新生北路一段48號十三樓之2,33,3,2,1,有,233952,False
1229,110,臺北市中山區龍江路356巷84號三樓,38,3,2,2,有,150736,False
1266,110,臺北市中山區龍江路328巷30號五樓,44,3,2,2,無,131774,False
1267,110,臺北市中山區林森北路259巷9號四樓之15,37,1,0,1,有,154337,False
1269,110,臺北市中山區錦州街21號七樓之2,39,1,1,1,有,206057,False
1310,110,臺北市中山區民生東路一段70巷7號四樓之2,14,0,0,0,有,222157,False
1313,110,臺北市中山區龍江路342巷51號五樓,37,2,2,1,有,170679,False
1317,110,臺北市中山區新生北路二段73號五樓之7,42,1,0,1,有,166474,False
1355,110,臺北市中山區松江路194巷52號四樓,52,1,2,1,無,202073,False
1359,110,臺北市中山區龍江路412巷35號四樓,39,3,2,2,無,162215,False
1400,110,臺北市中山區明水路539號十樓之2,28,2,2,1,有,266935,False
1405,110,臺北市中山區復興南路一段30巷5號三樓,50,3,2,1,無,235532,False
1451,110,臺北市中山區林森北路119巷6號四樓,48,3,1,1,無,148244,False
1496,110,臺北市中山區林森北路107巷41號三樓之7,32,2,1,1,有,156548,False
1498,110,臺北市中山區林森北路85巷85號五樓之1,42,3,2,2,有,194673,False
1499,110,臺北市中山區民權東路二段92巷7弄26號,53,3,2,2,無,313824,False
1507,110,臺北市中山區德惠街34號八樓之26,42,1,1,1,有,199381,False
1551,110,臺北市中山區民權東路二段135巷19號二樓,44,3,2,1,無,174956,False
1594,110,臺北市中山區新生北路二段28巷1號十五樓之5,32,1,1,1,有,233668,False
1596,110,臺北市中山區林森北路85巷85號五樓,42,3,2,2,有,186904,False
1598,110,臺北市中山區民權東路一段53號八樓,37,1,0,1,有,211172,False
1602,110,臺北市中山區新生北路二段76號六樓之2,13,1,1,1,有,219076,False
1640,110,臺北市中山區中山北路二段62巷35號七樓,3,1,1,1,有,307147,False
1644,110,臺北市中山區新生北路一段58號二樓,33,4,2,2,有,186897,False
1645,110,臺北市中山區吉林路128號,54,0,1,1,無,408245,False
1684,110,臺北市中山區北安路573巷9號二樓,48,3,2,1,無,207952,False
1692,110,臺北市中山區敬業三路162巷89號三樓,21,3,2,2,有,179810,False
1696,110,臺北市中山區民生東路一段87號三樓之2,25,1,0,1,有,178651,False
1697,110,臺北市中山區南京東路三段194巷5號二樓之1,31,1,1,1,有,213429,False
1700,110,臺北市中山區渭水路3巷6號四樓,31,3,2,2,無,172811,False
1702,110,臺北市中山區復興北路436號四樓之1,44,3,2,1,有,197678,False
1756,110,臺北市中山區松江路100巷6號三樓,46,4,2,2,有,265283,False
1758,110,臺北市中山區長春路26號八樓之4,37,0,1,1,有,182474,False
1760,110,臺北市中山區明水路397巷7弄7號,29,4,2,2,有,274427,False
1763,110,臺北市中山區林森北路575號七樓之21,44,1,1,1,有,205942,False
1764,110,臺北市中山區林森北路538號十四樓之3,16,1,1,1,有,278055,False
1765,110,臺北市中山區明水路537號八樓之2,28,2,1,1,有,259893,False
1807,110,臺北市中山區民生東路二段83號四樓之9,41,1,1,1,有,186106,False
1882,110,臺北市中山區林森北路107巷18號七樓之2,22,1,1,1,有,151544,False
1889,110,臺北市中山區林森北路85巷11號四樓,34,1,1,1,有,159158,False
1941,110,臺北市中山區民族東路410巷26號五樓,44,3,2,2,無,168445,False
1966,110,臺北市中山區中原街22號二樓之28,44,0,0,0,有,153534,False
1968,110,臺北市中山區新生北路二段36號十三樓之2,25,2,1,1,有,208867,False
1979,110,臺北市中山區錦州街30巷12號九樓之7,24,2,1,1,有,196078,False
2038,110,臺北市中山區松江路289之504號,51,4,2,2,有,185738,False
2039,110,臺北市中山區民權東路一段42號八樓之3,14,1,1,1,有,237079,False
2109,110,臺北市中山區德惠街15號十樓,37,0,0,0,有,174319,False
2111,110,臺北市中山區林森北路409號八樓之28,39,1,1,1,有,186457,False
2115,110,臺北市中山區遼寧街112號六樓之6,37,2,2,1,有,229194,False
2117,110,臺北市中山區北安路578巷8弄7號四樓,39,3,2,2,無,191197,False
2120,110,臺北市中山區錦州街50號七樓之19,37,1,1,1,有,124808,False
2122,110,臺北市中山區松江路372巷10號二樓,37,3,2,2,有,169388,False
2124,110,臺北市中山區北安路595巷30號五樓,37,3,2,2,無,206557,False
2177,110,臺北市中山區八德路二段59號四樓,41,3,2,2,無,169951,False
2178,110,臺北市中山區南京東路二段108號九樓之11,11,1,1,1,有,287487,False
2186,110,臺北市中山區新生北路三段1號三樓之24,40,0,1,1,有,183563,False
2192,110,臺北市中山區錦州街21號十樓之7,39,1,1,1,有,145470,False
2237,110,臺北市中山區明水路555號三樓之35,25,1,1,1,有,269006,False
2238,110,臺北市中山區新生北路三段16號七樓,9,1,1,1,有,225342,False
2268,110,臺北市中山區南京東路二段108號十一樓之2,11,1,1,1,有,283377,False
2279,110,臺北市中山區中山北路三段29號三樓,44,4,2,2,有,184227,False
2337,110,臺北市中山區雙城街18巷16號四樓,45,5,2,3,無,147011,False
2387,110,臺北市中山區新生北路三段1號十三樓,40,1,0,1,有,174672,False
2393,110,臺北市中山區德惠街167巷10之1號四樓,49,3,1,1,無,189510,False
2434,110,臺北市中山區新生北路二段133巷18號五樓之8,41,0,0,0,有,194702,False
2436,110,臺北市中山區新生北路三段11巷18號,55,7,3,3,無,170080,False
2504,110,臺北市中山區建國北路二段35號十二樓之8,33,0,1,1,有,236030,False
2548,110,臺北市中山區遼寧街177巷43號,54,3,2,2,無,1447632,False
2555,110,臺北市中山區南京東路二段108號八樓之12,11,1,1,1,有,291350,False
2566,110,臺北市中山區松江路372巷10號四樓,37,3,2,2,有,174627,False
2569,110,臺北市中山區中原街111號二樓,47,4,1,2,無,189341,False
2573,110,臺北市中山區八德路二段86號三樓,46,3,0,1,無,211687,False
2574,110,臺北市中山區新生北路二段41巷6號五樓,44,3,2,2,有,194686,False
2640,110,臺北市中山區新生北路三段43號十樓之9,43,2,1,1,有,211869,False
2646,110,臺北市中山區林森北路85巷95號七樓之3,37,1,1,1,有,169202,False
2648,110,臺北市中山區林森北路50號十一樓之8,43,0,0,0,有,187485,False
2681,110,臺北市中山區中山北路二段36巷24號四樓,38,5,2,2,無,220888,False
2685,110,臺北市中山區大直街52巷13號二樓,38,3,2,2,無,227292,False
2732,110,臺北市中山區北安路621巷6弄11號,45,3,2,1,無,271162,False
2734,110,臺北市中山區新生北路二段133巷18號四樓之6,41,1,1,1,有,185244,False
2741,110,臺北市中山區林森北路409號九樓之23,39,1,0,1,有,147203,False
2792,110,臺北市中山區復興北路66號十一樓之2,42,1,1,1,有,227979,False
2794,110,臺北市中山區錦州街50號八樓之6,37,1,0,1,有,134179,False
2835,110,臺北市中山區民生西路45巷5弄24號,51,1,1,1,無,297177,False
2839,110,臺北市中山區農安街8號十二樓之1,12,1,1,1,有,215517,False
2846,110,臺北市中山區新生北路二段40號十二樓,25,1,1,1,有,201301,False
2867,110,臺北市中山區龍江路356巷40號二樓,43,4,2,2,無,172414,False
2874,110,臺北市中山區新生北路三段56巷1號十一樓之3,40,1,1,1,有,181143,False
2939,110,臺北市中山區林森北路259巷9號七樓之1,37,1,1,1,有,164010,False
3077,110,臺北市中山區長安東路二段193號四樓,6,2,2,2,有,224011,False
3119,110,臺北市中山區錦州街187號二樓,48,3,2,2,無,214866,False
3122,110,臺北市中山區民族東路410巷2弄12號三樓,43,3,2,1,無,139288,False
3198,110,臺北市中山區農安街6號十三樓之7,12,1,1,1,有,211147,False
3283,110,臺北市中山區新生北路一段48號五樓,33,2,1,1,有,215877,False
3290,110,臺北市中山區林森北路107巷25號三樓之3,34,1,0,1,有,174227,False
3297,110,臺北市中山區新生北路二段141巷33號三樓,47,4,2,2,無,187213,False
3299,110,臺北市中山區林森北路413號八樓之2,37,2,2,1,有,149629,False
3327,110,臺北市中山區民生東路一段29號八樓之4,38,3,2,1,有,139984,False
3329,110,臺北市中山區建國北路二段6巷15號二樓,53,3,2,1,無,191157,False
3330,110,臺北市中山區建國北路三段107號四樓,41,4,2,2,無,143001,False
3379,110,臺北市中山區錦州街16號七樓之4,37,1,1,1,有,174459,False
3424,110,臺北市中山區松江路313巷12號三樓,40,3,2,2,有,204215,False
3426,110,臺北市中山區合江街73巷5號六樓,26,3,2,2,有,266335,False
3443,110,臺北市中山區雙城街43巷7號七樓之5,42,0,1,1,有,178571,False
3474,110,臺北市中山區南京東路三段106號十樓,1,0,0,0,有,406099,False
3479,110,臺北市中山區吉林路396號二樓,47,1,2,1,無,204692,False
3560,110,臺北市中山區林森北路655號八樓,17,1,1,1,有,193611,False
3562,110,臺北市中山區新生北路二段38號十六樓之6,25,3,2,1,有,251175,False
3563,110,臺北市中山區林森北路107巷43號三樓之4,29,1,1,1,有,167195,False
3596,110,臺北市中山區民權東路二段135巷30弄10號,43,1,1,2,無,260892,False
3598,110,臺北市中山區民生東路三段65巷2弄7號二樓,52,3,2,1,無,186927,False
3600,110,臺北市中山區吉林路456巷15號四樓,49,3,2,1,無,157506,False
3661,110,臺北市中山區新生北路三段57號,45,0,1,1,有,170659,False
3669,110,臺北市中山區南京東路二段108號十樓之22,11,1,1,1,有,306876,False
3672,110,臺北市中山區北安路805巷2號二樓之7,43,3,2,1,有,223912,False
3674,110,臺北市中山區錦州街340號三樓,36,5,2,2,有,195399,False
3679,110,臺北市中山區長春路258巷32號二樓之1,24,1,1,1,有,196634,False
3680,110,臺北市中山區合江街73巷8號五樓,39,3,2,2,有,237969,False
3707,110,臺北市中山區林森北路107巷46號三樓之1,36,3,2,2,有,161110,False
3745,110,臺北市中山區錦州街50號九樓之9,37,1,1,1,有,129424,False
3749,110,臺北市中山區松江路194巷10號五樓,28,1,1,1,無,231986,False
3786,110,臺北市中山區北安路841巷30號四樓,33,3,2,2,無,193032,False
3789,110,臺北市中山區中山北路二段11巷11之1號四樓之2,42,1,1,1,無,212466,False
3790,110,臺北市中山區吉林路393巷8號三樓,48,3,2,1,無,194522,False
3791,110,臺北市中山區中山北路二段11巷11之1號四樓之3,42,1,1,1,無,211957,False
3802,110,臺北市中山區建國北路一段150號十二樓之8,11,1,2,1,有,281759,False
3805,110,臺北市中山區中山北路一段83巷36號五樓之2,13,1,1,1,有,229873,False
3857,110,臺北市中山區民生東路二段127巷5號四樓,45,4,2,2,無,157340,False
3859,110,臺北市中山區龍江路397巷4號,37,3,2,2,無,272066,False
3896,110,臺北市中山區農安街125巷7號三樓,50,3,2,1,無,190039,False
3899,110,臺北市中山區新生北路三段61號四樓之6,45,2,2,2,有,132436,False
3900,110,臺北市中山區南京東路一段13巷7弄2之6號四樓,53,3,0,3,無,151317,False
3901,110,臺北市中山區復興北路214號七樓之3,35,3,2,2,有,220920,False
3934,110,臺北市中山區林森北路409號十一樓之39,39,0,0,0,有,148340,False
3961,110,臺北市中山區中山北路一段101號十樓,12,3,2,3,有,234536,False
3980,110,臺北市中山區吉林路461巷22號五樓,37,3,2,2,無,190029,False
4056,110,臺北市中山區建國北路三段74號八樓,35,2,2,1,有,187916,False
4057,110,臺北市中山區民生東路二段115巷25弄6號,55,11,0,11,無,190200,False
4059,110,臺北市中山區吉林路22巷23號五樓之1,44,4,2,2,有,185741,False
4092,110,臺北市中山區德惠街182號五樓之1,38,2,2,2,無,193025,False
4136,110,臺北市中山區合江街17巷15號六樓之5,28,2,1,1,有,213990,False
4138,110,臺北市中山區合江街58巷20號三樓,18,2,2,2,有,227422,False
4139,110,臺北市中山區新生北路三段1號九樓之22,40,0,0,0,有,174672,False
4165,110,臺北市中山區松江路506號四樓之3,37,3,2,2,有,207301,False
4169,110,臺北市中山區松江路150巷26之1號五樓,41,3,2,1,無,216390,False
4170,110,臺北市中山區林森北路409號八樓之34,39,1,1,1,有,141664,False
4171,110,臺北市中山區中山北路一段53巷8號十一樓之8,13,1,1,1,有,250855,False
4181,110,臺北市中山區新生北路二段68巷15號二樓之2,13,1,1,1,有,198561,False
4199,110,臺北市中山區錦州街110號二樓,37,3,2,1,有,155866,False
4202,110,臺北市中山區五常街83號,44,0,1,1,無,279627,False
4207,110,臺北市中山區中山北路一段135巷29號,53,0,1,1,無,354671,False
4254,110,臺北市中山區吉林路315巷21號三樓,50,4,1,1,無,180202,False
4280,110,臺北市中山區新生北路一段108之3號十樓之6,43,1,0,1,有,212286,False
4281,110,臺北市中山區龍江路298巷23號十樓之1,33,3,2,2,有,247133,False
4319,110,臺北市中山區中原街34號二樓,47,4,2,2,無,196041,False
4346,110,臺北市中山區新生北路一段108之3號十樓之2,43,1,1,1,有,138547,False
4381,110,臺北市中山區中山北路一段105巷10號六樓之3,39,2,1,1,有,173822,False
4382,110,臺北市中山區林森北路259巷9號四樓之15,37,1,1,1,有,172964,False
4383,110,臺北市中山區林森北路416巷1號二樓之2,45,1,1,1,有,167936,False
4437,110,臺北市中山區民生東路一段77號十樓之7,29,2,1,1,有,147808,False
4438,110,臺北市中山區錦州街113號四樓,53,4,0,4,無,221381,False
4442,110,臺北市中山區新生北路三段74號十一樓之1,39,1,1,1,有,166320,False
4473,110,臺北市中山區林森北路655號五樓,17,0,0,0,有,180703,False
4514,110,臺北市中山區五常街93號二樓,35,3,2,2,有,217706,False
4515,110,臺北市中山區松江路156巷10號二樓之1,20,1,1,1,有,256773,False
4548,110,臺北市中山區龍江路37巷9號,52,2,1,1,無,332231,False
4550,110,臺北市中山區民生東路二段83號六樓之35,41,1,1,1,有,158798,False
4551,110,臺北市中山區民權東路三段72號四樓之2,35,3,2,2,有,216270,False
4552,110,臺北市中山區長春路28號六樓之2,11,1,1,1,有,267156,False
4554,110,臺北市中山區建國北路一段150號十樓之10,11,0,0,0,有,284771,False
4601,110,臺北市中山區北安路841巷26弄7號五樓,33,3,2,2,無,172997,False
4603,110,臺北市中山區建國北路二段35號八樓之1,33,1,1,1,有,231044,False
4608,110,臺北市中山區復興北路402巷14號四樓,37,2,2,2,有,236635,False
4675,110,臺北市中山區合江街73巷5號六樓之1,26,3,2,2,有,262797,False
4679,110,臺北市中山區長安東路二段80號八樓之4,40,4,1,1,有,216948,False
4744,110,臺北市中山區民權東路二段146號十一樓之3,39,2,2,1,有,241439,False
4746,110,臺北市中山區五常街63號三樓,44,3,1,1,無,204778,False
4776,110,臺北市中山區林森北路85巷11號二樓之5,34,2,1,1,有,205296,False
4777,110,臺北市中山區長春路247號九樓之3,13,1,1,1,有,248298,False
4828,110,臺北市中山區民生東路二段90巷8號三樓,52,3,2,2,無,206293,False
4831,110,臺北市中山區農安街19號三樓之9,18,1,1,1,有,205279,False
4832,110,臺北市中山區新生北路二段68巷30號二樓之13,43,2,2,1,有,164897,False
4882,110,臺北市中山區吉林路22巷8號,47,0,0,0,有,272903,False
4946,110,臺北市中山區林森北路306號十樓之8,18,1,1,1,有,209917,False
4947,110,臺北市中山區錦州街418巷6號三樓,45,3,2,2,無,173540,False
4951,110,臺北市中山區雙城街43巷7號六樓之7,42,0,0,0,有,170732,False
4952,110,臺北市中山區民生東路一段54號八樓之7,36,1,1,1,有,164960,False
4953,110,臺北市中山區長春路100號十一樓之11,46,2,1,1,有,219449,False
4989,110,臺北市中山區北安路805巷2號五樓之3,43,3,1,1,有,253988,False
5025,110,臺北市中山區林森北路105號九樓之2,40,2,1,1,有,166227,False
5031,110,臺北市中山區大直街34巷5號二樓,35,0,1,1,無,214269,False
5049,110,臺北市中山區錦州街50號五樓之24,37,1,1,1,有,141245,False
5050,110,臺北市中山區林森北路107巷82號五樓,27,1,1,1,有,167384,False
5097,110,臺北市中山區龍江路329號七樓,35,5,2,2,有,270022,False
5111,110,臺北市中山區民權東路二段71巷18號四樓,53,2,1,1,無,210205,False
5117,110,臺北市中山區中山北路一段121巷25號三樓,50,2,1,1,無,151210,False
5119,110,臺北市中山區新生北路二段68巷15號十二樓之2,13,1,1,1,有,229277,False
5122,110,臺北市中山區新生北路二段70之1號十樓之2,24,1,1,1,有,173822,False
5168,110,臺北市中山區龍江路331巷8號三樓,46,3,2,2,無,172601,False
5191,110,臺北市中山區新生北路三段82巷17號五樓,39,3,2,2,無,180505,False
5192,110,臺北市中山區新生北路二段96號十一樓之20,39,0,1,1,有,164138,False
5193,110,臺北市中山區林森北路399巷21號九樓之2,37,2,1,1,有,166403,False
5251,110,臺北市中山區復興北路214號三樓之3,35,3,2,2,有,238954,False
5256,110,臺北市中山區中山北路一段72號八樓之9,35,2,2,1,有,180596,False
5264,110,臺北市中山區合江街130巷27號三樓,51,3,2,2,無,204520,False
5336,110,臺北市中山區新生北路三段87巷11號四樓,1,2,1,1,有,191914,False
5341,110,臺北市中山區德惠街3巷1號二樓之1,15,1,1,1,有,230071,False
5401,110,臺北市中山區中山北路二段115巷38號四樓,48,2,1,1,無,162056,False
5402,110,臺北市中山區大直街129號五樓,35,7,1,4,無,194617,False
5420,110,臺北市中山區德惠街34號十樓之6,42,1,1,1,有,184397,False
5458,110,臺北市中山區松江路76號十二樓,37,0,0,0,有,237747,False
5463,110,臺北市中山區新生北路三段12號十一樓,9,0,1,1,有,241859,False
5467,110,臺北市中山區林森北路96號八樓之7,39,1,1,1,有,182796,False
5469,110,臺北市中山區樂群二路176號二樓,21,3,2,2,有,186822,False
5478,110,臺北市中山區林森北路102號十樓之2,33,1,1,1,有,173724,False
5503,110,臺北市中山區林森北路85巷86號五樓,50,2,2,2,有,165034,False
5516,110,臺北市中山區民族東路410巷17號二樓,45,4,2,2,無,147508,False
5517,110,臺北市中山區德惠街45號七樓之13,42,0,0,0,有,108680,False
5521,110,臺北市中山區五常街31號三樓之1,5,2,1,1,有,280441,False
5588,110,臺北市中山區復興北路516號六樓之2,38,3,2,2,有,209568,False
5590,110,臺北市中山區龍江路345巷8號五樓,42,3,2,2,無,134355,False
5591,110,臺北市中山區雙城街49巷12號四樓之3,32,1,1,1,有,184894,False
5631,110,臺北市中山區民生東路一段54號十樓之3,36,1,1,1,有,165405,False
5636,110,臺北市中山區興安街91號七樓之2,35,3,2,2,有,239391,False
5638,110,臺北市中山區林森北路409號十二樓之4,39,2,2,1,有,137363,False
5643,110,臺北市中山區民權東路三段16號六樓之1,25,3,2,2,有,250367,False
5653,110,臺北市中山區錦州街157巷15號四樓,43,4,2,2,無,150943,False
5692,110,臺北市中山區北安路639號五樓,35,2,2,2,無,201176,False
5697,110,臺北市中山區錦州街30巷11號十樓之5,42,1,1,1,有,154611,False
5703,110,臺北市中山區錦州街50號九樓之27,37,1,0,1,有,145114,False
5705,110,臺北市中山區林森北路483號二樓之3,18,1,1,1,有,194105,False
5753,110,臺北市中山區新生北路一段41號八樓,37,3,2,2,有,210149,False
5771,110,臺北市中山區復興北路514巷53號四樓,45,5,3,2,無,176830,False
5773,110,臺北市中山區雙城街19巷8號五樓之8,13,2,1,1,有,186765,False
5807,110,臺北市中山區新生北路三段93巷31號二樓,52,2,1,1,無,147116,False
5811,110,臺北市中山區新生北路三段1號十二樓之14,40,1,1,1,有,181575,False
5946,110,臺北市中山區新生北路二段28巷1號七樓之4,32,2,2,1,有,213548,False
5950,110,臺北市中山區復興北路190巷35號,35,3,2,2,有,304723,False
5981,110,臺北市中山區合江街130巷12號二樓,48,3,2,2,無,190303,False
5984,110,臺北市中山區農安街45號三樓之2,45,1,1,1,有,181759,False
5985,110,臺北市中山區龍江路412巷26號四樓,39,3,2,2,無,169396,False
5986,110,臺北市中山區合江街20巷10號,46,1,1,1,無,317621,False
6043,110,臺北市中山區新生北路三段1號四樓之21,40,1,1,1,有,166623,False
6048,110,臺北市中山區農安街24之3號六樓之6,32,1,1,1,有,172846,False
6050,110,臺北市中山區農安街24之3號六樓之7,32,1,1,1,有,172199,False
6053,110,臺北市中山區新生北路三段82巷29號四樓之1,29,2,2,1,有,208656,False
6054,110,臺北市中山區民權東路二段148號十一樓之2,39,2,2,1,有,226244,False
6057,110,臺北市中山區民生東路三段9巷17號七樓,37,4,2,2,有,213550,False
6094,110,臺北市中山區松江路235巷33號六樓,42,3,2,2,有,231210,False
6101,110,臺北市中山區新生北路三段12號九樓,9,1,0,1,有,231477,False
6114,110,臺北市中山區龍江路370巷16號五樓,38,5,1,5,無,178218,False
6175,110,臺北市中山區長安東路一段56巷1弄2號二樓,50,5,5,5,無,200973,False
6195,110,臺北市中山區民生東路一段87號三樓之3,25,1,1,1,有,170268,False
6197,110,臺北市中山區農安街125巷23號三樓,52,3,2,2,無,179599,False
6199,110,臺北市中山區林森北路409號十一樓之12,39,0,0,0,有,105499,False
6279,110,臺北市中山區北安路621巷3號,40,0,0,0,有,313445,False
6357,110,臺北市中山區林森北路286號十樓之2,33,1,1,1,有,186329,False
6358,110,臺北市中山區中山北路二段62巷35號五樓之1,3,1,1,1,有,281013,False
6428,110,臺北市中山區農安街204巷5號四樓之1,30,1,1,1,無,180426,False
28,110,合江街93巷23號,39,2,2,1,無,308189,False
30,110,新生北路三段88巷16號三樓,55,3,2,2,無,152621,False
31,110,復興北路514巷42號四樓,37,3,2,2,無,156704,False
85,110,吉林路433巷15號三樓,51,3,2,1,無,172251,False
136,110,新生北路二段36號十五樓,25,1,1,1,有,210631,False
137,110,新生北路二段62巷16號八樓之3,5,3,2,1,有,276827,False
200,110,松江路562號四樓之13,25,1,1,1,有,159351,False
201,110,雙城街4巷2號五樓之6,27,2,1,1,有,203076,False
204,110,林森北路286號七樓之2,33,1,1,1,有,155680,False
255,110,松江路140巷6之2號,53,2,2,2,無,314841,False
262,110,民生東路二段127巷6號五樓之7,45,4,2,2,有,175559,False
339,110,中山北路二段72巷9號三樓之5,13,4,1,1,有,254952,False
357,110,長安東路一段101號七樓,28,2,2,1,有,217143,False
406,110,龍江路356巷23號二樓,43,5,2,1,無,151599,False
408,110,中山北路二段39巷14之1號三樓,38,0,0,0,有,192355,False
414,110,雙城街19巷5號三樓,48,4,2,2,無,158956,False
422,110,撫順街2號八樓之1、八樓之2,26,1,2,1,有,202724,False
425,110,北安路829號五樓,11,1,1,1,有,261194,False
475,110,南京東路二段108號十八樓之17,11,1,1,1,有,316111,False
479,110,明水路397巷7弄46號四樓之2,29,1,2,1,有,281162,False
488,110,明水路589號三樓之1,23,3,1,1,有,235052,False
544,110,中山北路二段115巷38號,48,0,1,1,無,218734,False
597,110,錦州街449號四樓,44,5,3,3,無,201853,False
608,110,新生北路二段141巷5號二樓,54,4,1,2,無,186499,False
609,110,天祥路80號五樓,17,1,1,1,有,295983,False
610,110,新生北路二段68巷13號四樓之1,13,1,1,1,有,205663,False
646,110,新生北路三段88巷6號三樓,55,2,1,1,無,143678,False
691,110,民生東路二段83號三樓之22,41,1,1,1,有,158184,False
692,110,長安東路二段184號十二樓之1,38,1,1,1,有,274669,False
722,110,龍江路209巷23號二樓,51,4,1,2,無,178468,False
779,110,大直街12號三樓,50,1,1,1,無,227273,False
780,110,大直街14號三樓,50,1,2,1,無,227273,False
783,110,錦州街442號三樓,52,3,2,1,無,210722,False
831,110,林森北路289號五樓之7,44,1,1,1,有,175520,False
833,110,復興北路448號七樓之10,13,2,1,1,有,274529,False
846,110,民生東路一段25號七樓之34,41,1,1,1,有,136232,False
848,110,民生東路一段72號九樓之6,40,1,1,1,有,143006,False
893,110,吉林路22巷23號七樓之2,44,3,2,2,有,180843,False
902,110,林森北路416巷1號二樓之6,45,1,0,1,有,146109,False
956,110,長安東路一段53巷16號七樓,34,0,1,1,有,176621,False
961,110,錦州街50號五樓之26,37,1,1,1,有,145114,False
962,110,復興北路514巷62號七樓,34,2,1,2,有,215031,False
969,110,雙城街12巷3號五樓之5,40,1,2,1,有,174309,False
972,110,中山北路三段55巷4號八樓之2,42,2,1,1,有,227451,False
1026,110,新生北路二段31之1號四樓之6,44,3,1,2,有,207094,False
1028,110,林森北路381號七樓之11,36,1,1,1,有,185240,False
1039,110,新生北路三段74號八樓之1,39,1,1,1,有,167983,False
1040,110,松江路330巷9號四樓,50,6,4,5,無,209318,False
1092,110,臺北市中山區龍江路367號二樓,35,3,2,1,有,214133,False
1095,110,農安街243號七樓,38,3,2,2,有,240748,False
1097,110,臺北市中山區北安路621巷6弄20號四樓,45,3,2,1,無,197971,False
1126,110,民生東路二段83號五樓之55,41,1,1,1,有,162950,False
1220,110,臺北市中山區林森北路85巷11號二樓之5,34,0,0,0,有,143343,False
1226,110,臺北市中山區新生北路三段1號九樓之16,40,1,1,1,有,185034,False
1231,110,臺北市中山區龍江路1號七樓之2,16,2,2,1,有,272184,False
1290,110,臺北市中山區吉林路393巷29號四樓,42,3,2,2,無,166054,False
1336,110,臺北市中山區樂群二路218號九樓,21,3,2,2,有,177122,False
1340,110,臺北市中山區雙城街3巷2號十四樓之1,26,1,1,1,有,190265,False
1440,110,臺北市中山區新生北路三段87巷36號,54,2,1,1,無,173403,False
1441,110,臺北市中山區北安路458巷47弄14號二樓,38,3,2,2,有,231770,False
1478,110,臺北市中山區林森北路119巷80號十樓之3,33,4,2,2,有,185415,False
1479,110,臺北市中山區松江路133巷50號五樓,17,1,1,1,有,300702,False
1484,110,臺北市中山區長春路100號十一樓之11,46,1,1,1,有,161360,False
1499,110,臺北市中山區民權東路二段135巷33號七樓,38,3,2,2,有,154287,False
1541,110,臺北市中山區龍江路397巷42號五樓,43,3,2,2,無,163596,False
1622,110,臺北市中山區林森北路259巷9號五樓之9,37,1,0,1,有,167571,False
1673,110,臺北市中山區松江路85巷7號六樓,45,4,0,4,有,308416,False
1676,110,臺北市中山區林森北路85巷85號二樓,42,2,2,2,有,156842,False
1685,110,臺北市中山區民生東路二段83號七樓之47,41,1,1,1,有,144014,False
1712,110,臺北市中山區農安街32號十樓之12、十樓之13,42,2,2,1,有,183824,False
1713,110,臺北市中山區錦州街30巷11號六樓之20,42,1,1,1,有,187701,False
1771,110,臺北市中山區南京東路二段108號六樓之3,11,1,1,1,有,286286,False
1772,110,臺北市中山區錦州街30巷11號九樓之4,42,1,0,1,有,183086,False
1774,110,臺北市中山區新生北路三段43號七樓之9,43,1,1,1,有,189445,False
1803,110,臺北市中山區林森北路286號十二樓之2,33,1,1,1,有,170275,False
1806,110,臺北市中山區五常街11巷3號十二樓之1,2,2,1,2,有,289471,False
1897,110,臺北市中山區中山北路二段115巷38號三樓,48,0,1,1,無,156268,False
1898,110,臺北市中山區建國北路三段22巷17號五樓,29,1,1,1,有,142023,False
1899,110,臺北市中山區雙城街4巷2號五樓之12,27,1,0,1,有,197917,False
1944,110,臺北市中山區長春路28號六樓之7,11,2,1,1,有,233694,False
1947,110,臺北市中山區南京東路二段108號十八樓,11,1,1,1,有,313112,False
1981,110,臺北市中山區長安東路二段67號九樓,40,0,1,1,有,221143,False
2028,110,臺北市中山區民權東路三段60巷17號七樓,41,4,2,2,有,241102,False
2053,110,臺北市中山區龍江路243巷22號,52,3,2,2,無,287055,False
2057,110,臺北市中山區五常街57號四樓,44,3,2,1,無,194560,False
2058,110,臺北市中山區長安東路二段105號八樓之7,13,1,1,1,有,259924,False
2082,110,臺北市中山區龍江路209巷3號三樓,45,3,2,1,無,189000,False
2110,110,臺北市中山區合江街36巷34之1號二樓,44,2,2,1,無,210294,False
2120,110,臺北市中山區長安東路二段105號八樓之8,13,0,1,1,有,230935,False
2189,110,臺北市中山區農安街227巷3弄7號五樓,44,3,2,2,無,193306,False
2191,110,臺北市中山區林森北路308號六樓,11,1,1,1,有,214947,False
2254,110,臺北市中山區朱崙街67號三樓,49,3,2,2,無,227085,False
2314,110,臺北市中山區民族東路108號三樓,47,4,2,1,無,145061,False
2350,110,臺北市中山區中山北路二段65巷19號三樓,54,2,1,1,無,196439,False
2351,110,臺北市中山區中山北路二段65巷19號四樓,54,2,1,1,無,178737,False
2400,110,臺北市中山區新生北路三段26號六樓之11,40,1,1,1,有,160428,False
2424,110,臺北市中山區松江路69巷8號六樓,42,4,2,3,有,225251,False
2426,110,臺北市中山區中原街34號二樓,47,4,2,2,無,191259,False
2430,110,臺北市中山區中山北路二段77巷17號三樓,12,1,1,1,有,238619,False
2434,110,臺北市中山區林森北路107巷43號三樓,29,1,1,1,有,155411,False
2466,110,臺北市中山區錦州街333號二樓之2,36,3,2,2,有,184038,False
2467,110,臺北市中山區錦州街21號七樓之2,39,1,1,1,有,152982,False
2515,110,臺北市中山區松江路132巷7號三樓,48,4,2,2,無,212628,False
2517,110,臺北市中山區大直街21巷9號五樓,37,5,3,3,無,211728,False
2552,110,臺北市中山區敬業三路162巷119號二樓,21,3,2,2,有,188255,False
2555,109,臺北市中山區中山北路二段118號八樓之1,1,2,1,1,有,278334,False
2558,110,臺北市中山區民權東路三段20號八樓之2,25,2,2,2,有,242497,False
2584,110,臺北市中山區龍江路412巷17號三樓,39,3,2,2,無,167674,False
2585,110,臺北市中山區大直街94巷1弄29號四樓,33,4,2,2,無,177845,False
2588,110,臺北市中山區民生東路一段29號九樓,38,4,1,1,有,132271,False
2592,110,臺北市中山區撫順街31號六樓之4,45,1,1,1,有,197781,False
2595,110,臺北市中山區天祥路86巷6弄4號三樓,53,3,2,2,無,159134,False
2637,110,臺北市中山區農安街45號二樓之2,45,5,3,3,有,168841,False
2638,110,臺北市中山區長安東路二段230號十樓之9,36,1,1,1,有,224565,False
2672,110,臺北市中山區北安路458巷47弄16號三樓,38,3,2,2,有,235864,False
2711,110,臺北市中山區林森北路107巷86號,49,0,0,0,有,431121,False
2715,110,臺北市中山區復興北路514巷42之1號五樓,37,2,2,2,無,157600,False
2717,110,臺北市中山區龍江路394巷61號五樓,37,5,3,3,無,139276,False
2737,110,臺北市中山區吉林路461巷8號二樓,50,3,2,2,無,131841,False
2740,110,臺北市中山區北安路621巷6弄18號三樓,45,1,2,1,無,188017,False
2784,110,臺北市中山區雙城街34號七樓之1,19,3,2,2,有,180627,False
2821,110,臺北市中山區錦州街8號七樓之2,38,0,0,0,有,156372,False
2824,110,臺北市中山區龍江路370巷18號五樓,43,3,2,2,無,145004,False
2851,110,臺北市中山區民族東路414號五樓,39,3,2,2,無,154766,False
2853,110,臺北市中山區農安街77巷9弄3號四樓,52,6,0,6,無,224022,False
2857,110,臺北市中山區明水路397巷7弄8號五樓之2,26,1,1,1,有,277488,False
2892,110,臺北市中山區北安路621巷3號二樓,40,1,1,1,有,240616,False
2893,110,臺北市中山區新生北路三段82巷15號五樓,38,4,2,2,無,147097,False
2897,110,臺北市中山區農安街204巷5號四樓之1,30,1,1,1,無,156125,False
2998,110,臺北市中山區松江路150巷6號,50,0,0,1,無,299647,False
2999,110,臺北市中山區中山北路二段39巷8號五樓,45,5,2,3,有,191485,False
3000,110,臺北市中山區明水路397巷7弄55號,31,4,2,2,有,318714,False
3001,110,臺北市中山區新生北路三段61號七樓之18,45,3,2,2,有,161807,False
3041,110,臺北市中山區新生北路二段133巷18號二樓之8,41,1,0,1,有,177147,False
3072,110,臺北市中山區敬業三路162巷194號六樓,21,3,2,2,有,189265,False
3077,110,臺北市中山區民生東路二段147巷5弄5號四樓,55,2,2,1,無,259868,False
3104,110,臺北市中山區錦州街50號十一樓之29,37,2,1,1,有,170128,False
3151,110,臺北市中山區新生北路一段108號五樓之1,44,2,1,1,有,210217,False
3152,110,臺北市中山區長春路220號十二樓,27,1,1,1,有,206061,False
3153,110,臺北市中山區林森北路282號四樓之13,47,2,2,1,有,137322,False
3159,110,臺北市中山區德惠街34號八樓之26,42,1,1,1,有,161568,False
3197,110,臺北市中山區中山北路一段72號九樓之5,35,1,1,1,有,220716,False
3226,110,臺北市中山區錦州街50號十樓之19,37,2,1,1,有,165163,False
3260,110,臺北市中山區林森北路413號十一樓之8,37,2,1,1,有,119142,False
3261,110,臺北市中山區新生北路一段110號四樓,33,1,1,1,有,164909,False
3316,110,臺北市中山區林森北路409號八樓之28,39,0,0,0,有,130847,False
3348,110,臺北市中山區中原街22號六樓之30,44,0,0,0,有,164114,False
3349,110,臺北市中山區農安街227巷3弄1號四樓,38,3,2,2,有,177508,False
3353,110,臺北市中山區新生北路二段29號七樓,37,3,2,2,有,175732,False
3370,110,臺北市中山區林森北路85巷56號六樓之1,48,3,2,2,有,162809,False
3405,110,臺北市中山區林森北路50號八樓之3,43,2,1,1,有,178125,False
3469,110,臺北市中山區農安街259號五樓,38,3,0,2,有,188094,False
3470,110,臺北市中山區林森北路409號九樓之23,39,1,1,1,有,136081,False
3488,110,臺北市中山區林森北路289號八樓之6,44,2,1,1,有,196305,False
3565,110,臺北市中山區新生北路二段40號十四樓之8,25,1,0,1,有,169683,False
3568,110,臺北市中山區雙城街3巷2號八樓之3,26,1,0,1,有,181417,False
3600,110,臺北市中山區林森北路67巷132號五樓,44,5,2,3,有,173291,False
3601,110,臺北市中山區林森北路67巷132號地下,44,0,0,1,有,48650,False
3645,110,臺北市中山區錦州街157巷29號四樓,49,5,0,5,無,170999,False
3691,110,臺北市中山區新生北路二段127巷46號二樓,54,4,1,2,無,149815,False
3732,110,臺北市中山區錦州街426巷1之1號三樓,45,3,1,1,無,205907,False
3789,110,臺北市中山區新生北路二段74號六樓之6,49,1,0,1,有,123732,False
3835,110,臺北市中山區吉林路369號三樓之6,42,1,0,1,有,169365,False
3843,110,臺北市中山區松江路156巷11號四樓,49,4,2,2,無,199754,False
3867,110,臺北市中山區民權東路二段135巷20弄15號,42,2,2,2,有,182509,False
3910,110,臺北市中山區天祥路16巷5號二樓,50,1,1,1,無,132238,False
3928,110,臺北市中山區合江街116巷24號,46,3,2,2,無,216898,False
3964,110,臺北市中山區中山北路二段59巷45號十六樓之1,22,1,1,1,有,235882,False
3965,110,臺北市中山區民生東路二段83號二樓之20,41,1,1,1,有,151288,False
3966,110,臺北市中山區錦州街50號五樓之23,37,1,0,1,有,125766,False
3992,110,臺北市中山區農安街227巷3弄12號五樓,44,3,2,2,無,155716,False
4019,110,臺北市中山區松江路508之1號五樓,37,1,1,2,有,201923,False
4020,110,臺北市中山區南京東路一段132巷31號五樓之2,36,1,1,1,有,134585,False
4022,110,臺北市中山區新生北路三段56巷10號六樓之6,40,1,1,1,有,143132,False
4047,110,臺北市中山區林森北路289號六樓之8,44,2,1,1,有,196305,False
4055,110,臺北市中山區五常街11巷5號十七樓之2,2,0,0,0,有,247260,False
4081,110,臺北市中山區新生北路二段68巷8號六樓之13,5,2,2,1,有,277956,False
4090,110,臺北市中山區建國北路一段78巷34號四樓,51,3,2,1,無,176855,False
4092,110,臺北市中山區農安街257號五樓,38,2,2,2,有,192308,False
4093,110,臺北市中山區新生北路三段11巷18號,55,7,3,3,無,188542,False
4094,110,臺北市中山區新生北路三段11巷18號,55,7,3,3,無,188542,False
4127,110,臺北市中山區復興南路一段30巷7號三樓,54,3,2,1,無,213675,False
4129,110,臺北市中山區新生北路二段73號五樓之1,42,1,1,1,有,182139,False
4156,110,臺北市中山區合江街105巷10號一樓,41,4,2,2,無,284566,False
4184,110,臺北市中山區林森北路409號十一樓之22,39,1,1,1,有,164096,False
4190,110,臺北市中山區合江街170巷9號二樓,39,4,1,2,無,150327,False
4250,110,臺北市中山區四平街56號四樓之3,13,2,1,1,有,318016,False
4277,110,臺北市中山區林森北路483號六樓之5,18,0,0,0,有,203892,False
4283,110,臺北市中山區龍江路370巷48號二樓之2,40,2,2,1,無,148833,False
4313,110,臺北市中山區新生北路三段1號三樓之15,40,1,1,1,有,163265,False
4317,110,臺北市中山區吉林路299巷9號四樓,36,3,2,2,無,203117,False
4349,110,臺北市中山區長春路378號十六樓之1,25,3,2,2,有,215300,False
4356,110,臺北市中山區合江街55巷23號三樓,40,3,2,2,無,198955,False
4360,110,臺北市中山區林森北路107巷86之1號,49,0,0,0,有,452277,False
4398,110,臺北市中山區大直街94巷1弄25號四樓,33,3,2,2,無,195318,False
4399,110,臺北市中山區新生北路二段38號九樓之7,25,2,2,1,有,214100,False
4438,110,臺北市中山區新生北路二段73號七樓之20,42,1,1,1,有,165317,False
4474,110,臺北市中山區林森北路657號三樓之3,17,1,1,1,有,189173,False
4478,110,臺北市中山區中原街118號三樓,55,7,0,7,無,174134,False
4517,110,臺北市中山區德惠街34號十一樓之4,42,1,1,1,有,186760,False
4525,110,臺北市中山區中山北路一段53巷8號十一樓之1,13,1,1,1,有,249610,False
4564,110,臺北市中山區松江路562號二樓之14,25,1,1,1,有,151674,False
4604,110,臺北市中山區龍江路383號五樓,37,3,2,2,無,145221,False
4606,110,臺北市中山區民權東路二段92巷1弄9號之1,29,3,2,1,有,252091,False
4609,110,臺北市中山區錦州街426巷1弄23號二樓,40,5,0,5,無,189653,False
4655,110,臺北市中山區民權東路三段84號六樓,35,4,2,2,有,215078,False
4659,110,臺北市中山區林森北路479號三樓之5,18,0,0,0,有,186062,False
4701,110,臺北市中山區林森北路416巷3號三樓之8,47,1,1,1,有,137853,False
4705,110,臺北市中山區德惠街45號六樓之7,42,1,1,1,有,151349,False
4706,110,臺北市中山區民生東路二段119號六樓,45,2,1,2,有,197376,False
4751,110,臺北市中山區龍江路410號二樓,43,2,2,1,無,171385,False
4752,110,臺北市中山區民生東路二段83號五樓之37,41,1,1,1,有,166738,False
4753,110,臺北市中山區民生東路一段25號十一樓之6,41,0,0,0,有,150692,False
4863,110,臺北市中山區敬業三路162巷3號十樓,21,3,2,2,有,185292,False
4870,110,臺北市中山區新生北路二段36號十七樓之2,25,1,2,1,有,199447,False
4873,110,臺北市中山區天祥路16巷15號三樓之2,51,1,1,1,有,187861,False
4874,110,臺北市中山區天祥路16巷15號三樓之3,51,1,1,1,有,193487,False
4877,110,臺北市中山區建國北路三段141號七樓,33,1,1,1,有,215827,False
4878,110,臺北市中山區松江路164巷63號三樓之1,6,2,1,1,有,263118,False
4909,110,臺北市中山區復興北路50號十二樓之1,40,2,2,1,有,239492,False
4914,110,臺北市中山區民生東路一段72號九樓之6,40,1,1,1,有,184607,False
4922,110,臺北市中山區中山北路二段183巷32號六樓,35,3,2,2,有,201419,False
4923,110,臺北市中山區北安路621巷6弄16號五樓,36,4,2,2,無,164362,False
4968,110,臺北市中山區新生北路二段73號四樓之7,42,1,0,1,有,196152,False
4974,110,臺北市中山區新生北路三段46號十樓之4,40,1,1,1,有,212069,False
4975,110,臺北市中山區長安東路一段20號三樓之5、三樓之6,14,2,2,1,有,215913,False
5015,110,臺北市中山區農安街34號五樓之18,42,0,0,0,有,170648,False
5018,110,臺北市中山區新生北路三段11巷44號四樓,37,5,3,2,無,199047,False
5023,110,臺北市中山區中山北路二段115巷3弄17號三樓,47,2,2,1,無,172592,False
5060,110,臺北市中山區林森北路409號十二樓之13,39,1,1,1,有,136373,False
5105,110,臺北市中山區復興南路一段44號八樓,40,0,2,2,有,257946,False
5141,110,臺北市中山區龍江路397巷13號二樓,34,3,2,2,有,230816,False
5142,110,臺北市中山區建國北路三段66號七樓,35,3,2,2,有,185393,False
5143,110,臺北市中山區林森北路413號五樓之17,37,0,0,0,有,113469,False
5148,110,臺北市中山區新生北路二段51號十一樓,12,4,2,2,有,226913,False
5185,110,臺北市中山區安東街16巷18弄2號四樓,51,5,1,2,無,212376,False
5186,110,臺北市中山區龍江路384巷16號五樓,41,3,2,2,無,168514,False
5194,110,臺北市中山區民權東路三段46號九樓之1,37,2,2,2,有,212197,False
5233,110,臺北市中山區大直街57巷9之1號二樓,35,4,0,4,無,216459,False
5236,110,臺北市中山區中山北路一段53巷26號五樓之5,13,1,1,1,有,241322,False
5242,110,臺北市中山區民生西路45巷7弄8號二樓,46,2,2,1,無,201410,False
5243,110,臺北市中山區民生西路45巷7弄8號三樓,46,2,2,1,無,201410,False
5250,110,臺北市中山區建國北路二段35號六樓之8,33,1,2,1,有,259086,False
5289,110,臺北市中山區民生東路二段147巷11弄16號三樓,49,3,2,2,無,200843,False
5290,110,臺北市中山區民生東路二段119號三樓之1,45,2,1,1,有,229709,False
5298,110,臺北市中山區中山北路二段77巷17號七樓之1,12,3,2,1,有,248399,False
5302,110,臺北市中山區中山北路二段84巷43號四樓,45,6,0,6,無,191287,False
5349,110,臺北市中山區林森北路416巷1號四樓之4,45,0,0,0,有,149925,False
5355,110,臺北市中山區中山北路一段53巷20號四樓之2,44,1,1,1,有,134807,False
5403,110,臺北市中山區林森北路657號四樓之1,17,1,1,1,有,201366,False
5408,110,臺北市中山區民權東路三段56號八樓之1,37,2,1,1,有,253357,False
5450,110,臺北市中山區林森北路483號三樓之9,18,1,1,1,有,197951,False
5454,110,臺北市中山區松江路170巷6號三樓,54,3,2,1,無,212488,False
5455,110,臺北市中山區林森北路259巷9號七樓之19,37,1,1,1,有,177506,False
5458,110,臺北市中山區林森北路107巷87號五樓之1,40,3,1,3,無,165769,False
5463,110,臺北市中山區復興北路516號五樓之2,38,2,2,2,有,214313,False
5515,110,臺北市中山區民權東路二段9號十二樓之2,42,3,2,1,有,201317,False
5516,110,臺北市中山區吉林路298號二樓,47,6,0,6,有,188540,False
